2021-07-21  16:18:12,78,14,-0.192,0.984,-0.064
2021-07-21  16:18:13,50,13,-0.192,0.988,-0.064
2021-07-21  16:18:14,61,13,-0.188,0.988,-0.056
2021-07-21  16:18:15,61,13,-0.196,0.988,-0.056
2021-07-21  16:18:17,62,14,-0.196,0.992,-0.06
2021-07-21  16:18:20,62,14,-0.2,0.984,-0.052
2021-07-21  16:18:22,61,14,-0.188,0.988,-0.056
2021-07-21  16:18:23,61,14,-0.188,0.988,-0.064
2021-07-21  16:18:24,61,14,-0.192,0.984,-0.068
2021-07-21  16:18:25,61,14,-0.192,0.992,-0.056
2021-07-21  16:18:26,61,14,-0.192,0.988,-0.056
2021-07-21  16:18:27,61,14,-0.192,0.984,-0.056
2021-07-21  16:18:30,62,14,-0.192,0.984,-0.06
2021-07-21  16:18:31,61,14,-0.192,0.988,-0.06
2021-07-21  16:18:32,61,14,-0.188,0.984,-0.06
2021-07-21  16:18:33,61,14,-0.188,0.984,-0.056
2021-07-21  16:18:35,61,14,-0.188,0.98,-0.068
2021-07-21  16:18:36,61,14,-0.2,0.98,-0.06
2021-07-21  16:41:14,61,14,-0.184,0.98,-0.056
2021-07-21  16:41:15,61,14,-0.2,0.992,-0.06
2021-07-21  16:41:16,61,14,-0.188,0.984,-0.072
2021-07-21  16:41:19,62,14,-0.192,0.988,-0.06
2021-07-21  16:41:20,61,14,-0.184,0.988,-0.06
2021-07-21  16:41:21,61,14,-0.192,0.984,-0.064
2021-07-21  16:41:22,61,14,-0.192,0.984,-0.06
2021-07-21  16:41:25,61,14,-0.196,0.984,-0.056
2021-07-21  16:41:26,60,14,-0.188,0.98,-0.072
2021-07-21  16:41:27,60,14,-0.192,0.984,-0.06
2021-07-21  16:41:28,60,14,-0.192,0.984,-0.06
2021-07-21  16:41:29,61,14,-0.188,0.984,-0.064
2021-07-21  16:41:31,61,14,-0.192,0.976,-0.06
2021-07-21  16:41:34,61,14,-0.192,0.988,-0.06
2021-07-21  16:41:36,60,14,-0.188,0.988,-0.068
2021-07-21  16:41:37,60,14,-0.192,0.992,-0.06
2021-07-21  16:41:40,61,14,-0.192,0.976,-0.06
2021-07-21  16:41:42,60,14,-0.192,0.984,-0.064
2021-07-21  16:41:44,61,14,-0.188,0.984,-0.052
2021-07-21  16:41:45,60,14,-0.188,0.984,-0.068
2021-07-21  16:41:46,60,14,-0.192,0.992,-0.052
2021-07-21  16:41:49,61,14,-0.184,0.98,-0.06
2021-07-21  16:41:50,60,14,-0.188,0.98,-0.056
2021-07-21  16:41:51,61,14,-0.192,0.98,-0.064
2021-07-21  16:41:55,61,14,-0.192,0.988,-0.06
2021-07-21  16:41:56,61,14,-0.192,0.984,-0.056
2021-07-21  16:42:00,61,14,-0.192,0.992,-0.06
2021-07-21  16:42:01,60,14,-0.184,0.984,-0.064
2021-07-21  16:42:02,60,14,-0.192,0.984,-0.052
2021-07-21  16:42:04,60,14,-0.192,0.988,-0.064
2021-07-21  16:42:06,60,14,-0.188,0.988,-0.056
2021-07-21  16:42:09,61,14,-0.192,0.988,-0.06
2021-07-21  16:42:10,60,14,-0.196,0.984,-0.052
2021-07-21  16:42:12,60,14,-0.192,0.984,-0.064
2021-07-21  16:42:15,61,14,-0.196,0.984,-0.068
2021-07-21  16:42:16,60,14,-0.196,0.992,-0.06
2021-07-21  16:42:17,60,14,-0.192,0.992,-0.06
2021-07-21  16:42:18,60,14,-0.2,0.992,-0.06
2021-07-21  16:42:19,60,14,-0.188,0.988,-0.06
2021-07-21  16:42:20,60,14,-0.188,0.992,-0.064
2021-07-21  16:42:22,60,14,-0.188,0.98,-0.068
2021-07-21  16:42:24,61,14,-0.188,0.984,-0.056
2021-07-21  16:42:25,60,14,-0.196,0.984,-0.072
2021-07-21  16:42:26,60,14,-0.192,0.988,-0.06
2021-07-21  16:42:28,60,14,-0.192,0.98,-0.064
2021-07-21  16:42:29,60,14,-0.188,0.984,-0.064
2021-07-21  16:42:30,60,14,-0.192,0.984,-0.056
2021-07-21  16:42:31,60,14,-0.192,0.992,-0.06
2021-07-21  16:42:32,60,14,-0.192,0.988,-0.06
2021-07-21  16:42:33,60,14,-0.192,0.976,-0.06
2021-07-21  16:42:35,60,14,-0.192,0.988,-0.056
2021-07-21  16:42:37,61,14,-0.188,0.98,-0.06
2021-07-21  16:42:38,60,14,-0.192,0.984,-0.064
2021-07-21  16:42:39,60,14,-0.192,0.98,-0.06
2021-07-21  16:42:41,60,14,-0.196,0.98,-0.064
2021-07-21  16:42:42,60,14,-0.188,0.984,-0.06
2021-07-21  16:42:43,60,14,-0.192,0.984,-0.068
2021-07-21  16:42:45,60,14,-0.192,0.984,-0.06
2021-07-21  16:42:48,61,14,-0.184,0.98,-0.056
2021-07-21  16:42:49,60,14,-0.2,0.984,-0.064
2021-07-21  16:42:51,61,14,-0.196,0.984,-0.064
2021-07-21  16:42:53,60,14,-0.192,0.988,-0.064
2021-07-21  16:42:55,61,14,-0.184,0.988,-0.064
2021-07-21  16:42:56,60,14,-0.188,0.98,-0.056
2021-07-21  16:42:57,60,14,-0.2,0.988,-0.068
2021-07-21  16:42:59,60,14,-0.196,0.988,-0.056
2021-07-21  16:43:00,60,14,-0.196,0.984,-0.064
2021-07-21  16:43:01,60,14,-0.188,0.98,-0.072
2021-07-21  16:43:02,60,14,-0.192,0.988,-0.068
2021-07-21  16:43:03,60,14,-0.2,0.984,-0.06
2021-07-21  16:43:06,60,14,-0.196,0.984,-0.056
2021-07-21  16:43:08,61,14,-0.196,0.996,-0.06
2021-07-21  16:43:09,60,14,-0.196,0.996,-0.064
2021-07-21  16:43:11,60,14,-0.196,0.984,-0.056
2021-07-21  16:43:12,60,14,-0.192,0.984,-0.056
2021-07-21  16:43:13,60,14,-0.188,0.984,-0.068
2021-07-21  16:43:14,60,14,-0.196,0.984,-0.06
2021-07-21  16:43:15,60,14,-0.184,0.98,-0.06
2021-07-21  16:43:18,61,14,-0.196,0.98,-0.056
2021-07-21  16:43:19,60,14,-0.192,0.988,-0.06
2021-07-21  16:43:20,60,14,-0.188,0.984,-0.072
2021-07-21  16:43:21,60,14,-0.192,0.984,-0.064
2021-07-21  16:43:25,61,14,-0.184,0.98,-0.06
2021-07-21  16:43:26,61,14,-0.192,0.988,-0.068
2021-07-21  16:43:30,60,14,-0.196,0.996,-0.056
2021-07-21  16:43:31,59,14,-0.192,0.988,-0.064
2021-07-21  16:43:32,61,14,-0.192,0.98,-0.064
2021-07-21  16:43:36,61,14,-0.184,0.98,-0.064
2021-07-21  16:43:37,59,14,-0.192,0.992,-0.06
2021-07-21  16:43:38,60,14,-0.196,0.992,-0.064
2021-07-21  16:43:40,60,14,-0.196,0.988,-0.06
2021-07-21  16:43:41,59,14,-0.196,0.984,-0.06
2021-07-21  16:43:43,60,14,-0.192,0.98,-0.056
2021-07-21  16:43:44,59,14,-0.188,0.988,-0.06
2021-07-21  16:43:46,59,14,-0.188,0.984,-0.072
2021-07-21  16:43:47,60,14,-0.192,0.984,-0.072
2021-07-21  16:43:48,60,14,-0.2,0.984,-0.068
2021-07-21  16:43:49,60,14,-0.2,0.996,-0.068
2021-07-21  16:43:52,60,14,-0.188,0.98,-0.06
2021-07-21  16:43:55,60,14,-0.192,0.98,-0.064
2021-07-21  16:43:57,59,14,-0.188,0.98,-0.068
2021-07-21  16:43:58,59,14,-0.196,0.984,-0.052
2021-07-21  16:43:59,59,14,-0.192,0.992,-0.064
2021-07-21  16:44:00,60,14,-0.192,0.988,-0.068
2021-07-21  16:44:02,59,14,-0.196,0.988,-0.06
2021-07-21  16:44:05,60,14,-0.2,0.992,-0.056
2021-07-21  16:44:06,59,14,-0.196,0.992,-0.056
2021-07-21  16:44:07,59,14,-0.188,0.98,-0.068
2021-07-21  16:44:08,60,14,-0.188,0.988,-0.064
2021-07-21  16:44:10,59,14,-0.196,0.984,-0.052
2021-07-21  16:44:11,59,14,-0.188,0.98,-0.064
2021-07-21  16:44:12,60,14,-0.196,0.984,-0.052
2021-07-21  16:44:13,60,14,-0.196,0.984,-0.064
2021-07-21  16:44:17,60,14,-0.192,0.98,-0.06
2021-07-21  16:44:18,59,14,-0.192,0.988,-0.052
2021-07-21  16:44:21,60,14,-0.192,0.988,-0.068
2021-07-21  16:44:22,59,14,-0.184,0.984,-0.064
2021-07-21  16:44:23,59,14,-0.188,0.984,-0.06
2021-07-21  16:44:25,60,14,-0.196,0.988,-0.056
2021-07-21  16:44:27,59,14,-0.196,0.988,-0.064
2021-07-21  16:44:28,59,14,-0.196,0.98,-0.064
2021-07-21  16:44:29,59,14,-0.192,0.984,-0.056
2021-07-21  16:44:30,60,14,-0.188,0.98,-0.056
2021-07-21  16:44:31,59,14,-0.192,0.992,-0.064
2021-07-21  16:44:32,60,14,-0.188,0.98,-0.056
2021-07-21  16:44:34,59,14,-0.188,0.98,-0.064
2021-07-21  16:44:35,60,14,-0.196,0.992,-0.06
2021-07-21  16:44:36,59,14,-0.184,0.988,-0.052
2021-07-21  16:44:37,60,14,-0.192,0.98,-0.064
2021-07-21  16:44:38,59,14,-0.196,0.988,-0.06
2021-07-21  16:44:39,60,14,-0.184,0.984,-0.06
2021-07-21  16:44:41,59,14,-0.188,0.98,-0.064
2021-07-21  16:44:42,59,14,-0.188,0.992,-0.064
2021-07-21  16:44:43,59,14,-0.192,0.984,-0.052
2021-07-21  16:44:47,60,14,-0.188,0.984,-0.06
2021-07-21  16:44:48,59,14,-0.188,0.984,-0.06
2021-07-21  16:44:49,59,14,-0.192,0.992,-0.06
2021-07-21  16:44:51,60,14,-0.2,0.988,-0.056
2021-07-21  16:44:53,59,14,-0.192,0.988,-0.064
2021-07-21  16:44:54,59,14,-0.192,0.98,-0.06
2021-07-21  16:44:56,60,14,-0.184,0.984,-0.064
2021-07-21  16:44:57,59,14,-0.192,0.988,-0.06
2021-07-21  16:44:59,59,14,-0.188,0.984,-0.068
2021-07-21  16:45:00,59,14,-0.188,0.98,-0.056
2021-07-21  16:45:01,60,14,-0.188,0.988,-0.064
2021-07-21  16:45:02,59,14,-0.188,0.984,-0.06
2021-07-21  16:45:03,60,14,-0.196,0.984,-0.068
2021-07-21  16:45:04,59,14,-0.184,0.98,-0.056
2021-07-21  16:45:06,60,14,-0.188,0.984,-0.064
2021-07-21  16:45:07,59,14,-0.192,0.984,-0.064
2021-07-21  16:45:08,59,14,-0.192,0.988,-0.072
2021-07-21  16:45:09,59,14,-0.196,0.988,-0.056
2021-07-21  16:45:12,61,14,-0.196,0.988,-0.056
2021-07-21  16:45:13,60,14,-0.192,0.988,-0.06
2021-07-21  16:45:14,60,14,-0.192,0.984,-0.056
2021-07-21  16:45:15,59,14,-0.196,0.988,-0.056
2021-07-21  16:45:16,60,14,-0.188,0.988,-0.06
2021-07-21  16:45:19,60,14,-0.192,0.984,-0.064
2021-07-21  16:45:20,59,14,-0.188,0.98,-0.064
2021-07-21  16:45:21,60,14,-0.192,0.988,-0.056
2021-07-21  16:45:22,60,14,-0.196,0.98,-0.068
2021-07-21  16:45:23,60,14,-0.184,0.984,-0.056
2021-07-21  16:45:25,60,14,-0.192,0.984,-0.072
2021-07-21  16:45:26,60,14,-0.192,0.984,-0.06
2021-07-21  16:45:27,59,14,-0.192,0.992,-0.06
2021-07-21  16:45:28,60,14,-0.188,0.972,-0.056
2021-07-21  16:45:29,59,14,-0.18,0.984,-0.068
2021-07-21  16:45:30,60,14,-0.188,0.984,-0.064
2021-07-21  16:45:31,59,14,-0.188,0.988,-0.068
2021-07-21  16:45:33,60,14,-0.196,0.988,-0.06
2021-07-21  16:45:35,61,14,-0.188,0.98,-0.052
2021-07-21  16:45:36,59,14,-0.2,0.988,-0.06
2021-07-21  16:45:37,60,14,-0.204,0.992,-0.064
2021-07-21  16:45:39,59,14,-0.188,0.988,-0.056
2021-07-21  16:45:40,60,14,-0.192,0.988,-0.06
2021-07-21  16:45:41,60,14,-0.184,0.988,-0.06
2021-07-21  16:45:42,61,14,-0.196,0.984,-0.056
2021-07-21  16:45:46,61,14,-0.188,0.988,-0.072
2021-07-21  16:45:47,61,14,-0.196,0.988,-0.06
2021-07-21  16:45:51,61,14,-0.188,0.984,-0.06
2021-07-21  16:45:55,61,14,-0.192,0.984,-0.068
2021-07-21  16:45:56,60,14,-0.192,0.988,-0.06
2021-07-21  16:45:57,60,14,-0.196,0.988,-0.068
2021-07-21  16:45:58,60,14,-0.2,0.992,-0.064
2021-07-21  16:45:59,61,14,-0.2,0.988,-0.052
2021-07-21  16:46:03,60,14,-0.192,0.988,-0.068
2021-07-21  16:46:04,60,14,-0.192,0.988,-0.064
2021-07-21  16:46:05,60,14,-0.2,0.988,-0.064
2021-07-21  16:46:07,60,14,-0.192,0.976,-0.064
2021-07-21  16:46:08,60,14,-0.2,0.988,-0.06
2021-07-21  16:46:09,60,14,-0.192,0.984,-0.056
2021-07-21  16:46:11,61,14,-0.188,0.98,-0.064
2021-07-21  16:46:13,60,14,-0.192,0.984,-0.064
2021-07-21  16:46:14,60,14,-0.184,0.988,-0.056
2021-07-21  16:46:15,60,14,-0.196,0.98,-0.068
2021-07-21  16:46:16,60,14,-0.192,0.984,-0.06
2021-07-21  16:46:17,60,14,-0.192,0.98,-0.06
2021-07-21  16:46:18,60,14,-0.184,0.984,-0.06
2021-07-21  16:46:21,60,14,-0.196,0.988,-0.06
2021-07-21  16:46:22,60,14,-0.192,0.988,-0.068
2021-07-21  16:46:23,60,14,-0.192,0.98,-0.06
2021-07-21  16:46:24,60,14,-0.192,0.988,-0.06
2021-07-21  16:46:26,59,14,-0.2,0.992,-0.068
2021-07-21  16:46:27,60,14,-0.188,0.984,-0.06
2021-07-21  16:46:28,60,14,-0.188,0.984,-0.068
2021-07-21  16:46:29,60,14,-0.192,0.984,-0.056
2021-07-21  16:46:30,60,14,-0.192,0.988,-0.064
2021-07-21  16:46:33,61,14,-0.192,0.988,-0.06
2021-07-21  16:46:34,59,14,-0.192,0.984,-0.068
2021-07-21  16:46:36,61,14,-0.192,0.988,-0.068
2021-07-21  16:46:38,61,14,-0.196,0.988,-0.06
2021-07-21  16:46:41,60,14,-0.196,0.984,-0.06
2021-07-21  16:46:43,59,14,-0.192,0.988,-0.068
2021-07-21  16:46:44,60,14,-0.196,0.98,-0.056
2021-07-21  16:46:45,60,14,-0.188,0.984,-0.056
2021-07-21  16:46:47,60,14,-0.192,0.984,-0.06
2021-07-21  16:46:48,60,14,-0.192,0.984,-0.06
2021-07-21  16:46:50,60,14,-0.196,0.988,-0.06
2021-07-21  16:46:51,60,14,-0.2,0.988,-0.056
2021-07-21  16:46:52,60,14,-0.188,0.984,-0.06
2021-07-21  16:46:53,60,14,-0.192,0.98,-0.06
2021-07-21  16:46:54,60,14,-0.196,0.988,-0.056
2021-07-21  16:46:55,60,14,-0.192,0.988,-0.06
2021-07-21  16:46:57,60,14,-0.192,0.988,-0.06
2021-07-21  16:46:58,59,14,-0.196,0.984,-0.064
2021-07-21  16:46:59,60,14,-0.188,0.988,-0.064
2021-07-21  16:47:00,60,14,-0.188,0.976,-0.068
2021-07-21  16:47:01,60,14,-0.192,0.988,-0.056
2021-07-21  16:47:02,59,14,-0.192,0.98,-0.064
2021-07-21  16:47:04,60,14,-0.196,0.984,-0.052
2021-07-21  16:47:05,60,14,-0.188,0.984,-0.052
2021-07-21  16:47:06,60,14,-0.192,0.984,-0.056
2021-07-21  16:47:07,60,14,-0.196,0.984,-0.06
2021-07-21  16:47:08,60,14,-0.196,0.984,-0.06
2021-07-21  16:47:09,59,14,-0.188,0.984,-0.052
2021-07-21  16:47:11,60,14,-0.184,0.984,-0.056
2021-07-21  16:47:12,60,14,-0.196,0.98,-0.072
2021-07-21  16:47:16,61,14,-0.192,0.992,-0.064
2021-07-21  16:47:17,60,14,-0.188,0.988,-0.064
2021-07-21  16:47:18,60,14,-0.2,0.988,-0.068
2021-07-21  16:47:19,60,14,-0.192,0.988,-0.056
2021-07-21  16:47:20,60,14,-0.192,0.984,-0.06
2021-07-21  16:47:23,61,14,-0.2,0.996,-0.064
2021-07-21  16:47:24,59,14,-0.188,0.984,-0.06
2021-07-21  16:47:25,60,14,-0.192,0.984,-0.06
2021-07-21  16:47:26,60,14,-0.192,0.98,-0.056
2021-07-21  16:47:27,59,14,-0.188,0.98,-0.056
2021-07-21  16:47:30,61,14,-0.196,0.988,-0.056
2021-07-21  16:47:31,60,14,-0.188,0.984,-0.06
2021-07-21  16:47:33,61,14,-0.184,0.984,-0.056
2021-07-21  16:47:35,60,14,-0.188,0.984,-0.052
2021-07-21  16:47:36,59,14,-0.192,0.992,-0.064
2021-07-21  16:47:37,60,14,-0.192,0.984,-0.064
2021-07-21  16:47:38,60,14,-0.188,0.98,-0.064
2021-07-21  16:47:39,60,14,-0.188,0.98,-0.064
2021-07-21  16:47:40,59,14,-0.188,0.984,-0.06
2021-07-21  16:47:42,60,14,-0.192,0.984,-0.06
2021-07-21  16:47:43,60,14,-0.192,0.992,-0.06
2021-07-21  16:47:44,60,14,-0.188,0.984,-0.064
2021-07-21  16:47:45,59,14,-0.196,0.984,-0.056
2021-07-21  16:47:46,59,14,-0.188,0.988,-0.068
2021-07-21  16:47:47,60,14,-0.184,0.98,-0.06
2021-07-21  16:47:49,59,14,-0.192,0.98,-0.056
2021-07-21  16:47:50,60,14,-0.188,0.988,-0.06
2021-07-21  16:47:51,60,14,-0.184,0.98,-0.068
2021-07-21  16:47:52,60,14,-0.188,0.996,-0.064
2021-07-21  16:47:53,60,14,-0.192,0.98,-0.064
2021-07-21  16:47:54,60,14,-0.192,0.984,-0.052
2021-07-21  16:47:56,60,14,-0.192,0.98,-0.06
2021-07-21  16:47:58,61,14,-0.184,0.988,-0.056
2021-07-21  16:47:59,60,14,-0.196,0.988,-0.056
2021-07-21  16:48:00,60,14,-0.192,0.988,-0.06
2021-07-21  16:48:02,60,14,-0.188,0.984,-0.064
2021-07-21  16:48:03,60,14,-0.192,0.992,-0.056
2021-07-21  16:48:04,59,14,-0.196,0.98,-0.064
2021-07-21  16:48:05,60,14,-0.188,0.984,-0.06
2021-07-21  16:48:08,60,14,-0.196,0.988,-0.064
2021-07-21  16:48:09,60,14,-0.196,0.992,-0.068
2021-07-21  16:48:10,60,14,-0.188,0.988,-0.052
2021-07-21  16:48:12,61,14,-0.188,0.98,-0.06
2021-07-21  16:48:14,60,14,-0.188,0.98,-0.068
2021-07-21  16:48:15,59,14,-0.192,0.98,-0.06
2021-07-21  16:48:16,60,14,-0.192,0.98,-0.056
2021-07-21  16:48:18,61,14,-0.192,0.988,-0.06
2021-07-21  16:48:20,60,14,-0.188,0.992,-0.06
2021-07-21  16:48:21,60,14,-0.192,0.988,-0.06
2021-07-21  16:48:22,60,14,-0.192,0.988,-0.06
2021-07-21  16:48:23,60,14,-0.188,0.988,-0.06
2021-07-21  16:48:24,60,14,-0.192,0.984,-0.056
2021-07-21  16:48:25,59,14,-0.192,0.984,-0.068
2021-07-21  16:48:26,60,14,-0.192,0.984,-0.06
2021-07-21  16:48:28,60,14,-0.196,0.984,-0.064
2021-07-21  16:48:29,60,14,-0.196,0.984,-0.048
2021-07-21  16:48:30,59,14,-0.196,0.98,-0.064
2021-07-21  16:48:31,60,14,-0.188,0.984,-0.06
2021-07-21  16:48:32,60,14,-0.192,0.976,-0.052
2021-07-21  16:48:33,60,14,-0.188,0.98,-0.056
2021-07-21  16:48:35,60,14,-0.196,0.992,-0.068
2021-07-21  16:48:36,60,14,-0.192,0.988,-0.06
2021-07-21  16:48:37,60,14,-0.196,0.988,-0.056
2021-07-21  16:48:38,59,14,-0.196,0.984,-0.06
2021-07-21  16:48:39,60,14,-0.196,0.984,-0.064
2021-07-21  16:48:40,60,14,-0.192,0.984,-0.06
2021-07-21  16:48:42,60,14,-0.196,0.992,-0.064
2021-07-21  16:48:45,60,14,-0.188,0.984,-0.056
2021-07-21  16:48:47,59,14,-0.196,0.992,-0.064
2021-07-21  16:48:48,60,14,-0.196,0.98,-0.064
2021-07-21  16:48:49,60,14,-0.188,0.988,-0.056
2021-07-21  16:48:50,60,14,-0.192,0.984,-0.056
2021-07-21  16:48:51,60,14,-0.192,0.98,-0.064
2021-07-21  16:48:52,60,14,-0.188,0.972,-0.06
2021-07-21  16:48:54,60,14,-0.188,0.988,-0.06
2021-07-21  16:48:56,61,14,-0.192,0.98,-0.06
2021-07-21  16:48:57,60,14,-0.196,0.984,-0.064
2021-07-21  16:49:00,61,14,-0.192,0.98,-0.064
2021-07-21  16:49:01,60,14,-0.192,0.984,-0.052
2021-07-21  16:49:02,60,14,-0.196,0.98,-0.06
2021-07-21  16:49:03,60,14,-0.188,0.988,-0.056
2021-07-21  16:49:04,60,14,-0.192,0.984,-0.064
2021-07-21  16:49:06,59,14,-0.196,0.988,-0.06
2021-07-21  16:49:07,60,14,-0.192,0.98,-0.06
2021-07-21  16:49:08,60,14,-0.188,0.984,-0.064
2021-07-21  16:49:12,60,14,-0.192,0.984,-0.064
2021-07-21  16:49:13,59,14,-0.196,0.984,-0.056
2021-07-21  16:49:14,60,14,-0.192,0.984,-0.056
2021-07-21  16:49:15,59,14,-0.188,0.98,-0.052
2021-07-21  16:49:18,61,14,-0.196,0.988,-0.056
2021-07-21  16:49:21,61,14,-0.192,0.988,-0.056
2021-07-21  16:49:23,60,14,-0.188,0.992,-0.064
2021-07-21  16:49:24,59,14,-0.184,0.98,-0.056
2021-07-21  16:49:25,60,14,-0.192,0.988,-0.06
2021-07-21  16:49:26,60,14,-0.196,0.988,-0.056
2021-07-21  16:49:27,60,14,-0.18,0.98,-0.064
2021-07-21  16:49:28,60,14,-0.192,0.984,-0.06
2021-07-21  16:49:30,61,14,-0.204,0.992,-0.052
2021-07-21  16:49:33,60,14,-0.192,0.988,-0.06
2021-07-21  16:49:35,59,14,-0.196,0.992,-0.072
2021-07-21  16:49:37,60,14,-0.2,0.988,-0.068
2021-07-21  16:49:38,60,14,-0.188,0.98,-0.064
2021-07-21  16:49:42,60,14,-0.192,0.98,-0.056
2021-07-21  16:49:43,59,14,-0.188,0.984,-0.068
2021-07-21  16:49:44,60,14,-0.192,0.988,-0.064
2021-07-21  16:49:46,59,14,-0.196,0.988,-0.064
2021-07-21  16:49:47,60,14,-0.196,0.992,-0.06
2021-07-21  16:49:48,59,14,-0.192,0.98,-0.064
2021-07-21  16:49:49,60,14,-0.196,0.976,-0.056
2021-07-21  16:49:50,60,14,-0.188,0.984,-0.06
2021-07-21  16:49:51,59,14,-0.184,0.976,-0.064
2021-07-21  16:49:53,60,14,-0.196,0.984,-0.064
2021-07-21  16:49:54,60,14,-0.196,0.98,-0.064
2021-07-21  16:49:55,59,14,-0.192,0.988,-0.06
2021-07-21  16:49:56,60,14,-0.188,0.988,-0.064
2021-07-21  16:49:57,60,14,-0.196,0.988,-0.064
2021-07-21  16:49:58,60,14,-0.184,0.98,-0.056
2021-07-21  16:50:01,60,14,-0.192,0.984,-0.06
2021-07-21  16:50:02,60,14,-0.192,0.984,-0.064
2021-07-21  16:50:03,60,14,-0.18,0.984,-0.056
2021-07-21  16:50:04,60,14,-0.184,0.988,-0.052
2021-07-21  16:50:05,59,14,-0.196,0.984,-0.068
2021-07-21  16:50:07,60,14,-0.192,0.984,-0.06
2021-07-21  16:50:08,59,14,-0.192,0.984,-0.06
2021-07-21  16:50:09,60,14,-0.188,0.98,-0.064
2021-07-21  16:50:11,61,14,-0.184,0.992,-0.056
2021-07-21  16:50:13,59,14,-0.192,0.984,-0.064
2021-07-21  16:50:14,59,14,-0.192,0.98,-0.064
2021-07-21  16:50:15,60,14,-0.192,0.984,-0.064
2021-07-21  16:50:16,59,14,-0.188,0.984,-0.064
2021-07-21  16:50:17,59,14,-0.196,0.984,-0.06
2021-07-21  16:50:18,60,14,-0.188,0.988,-0.056
2021-07-21  16:50:20,59,14,-0.188,0.988,-0.06
2021-07-21  16:50:21,60,14,-0.192,0.98,-0.056
2021-07-21  16:50:22,59,14,-0.196,0.988,-0.044
2021-07-21  16:50:23,60,14,-0.188,0.984,-0.064
2021-07-21  16:50:27,60,14,-0.192,0.976,-0.06
2021-07-21  16:50:28,59,14,-0.192,0.984,-0.064
2021-07-21  16:50:29,60,14,-0.192,0.984,-0.052
2021-07-21  16:50:30,59,14,-0.188,0.984,-0.06
2021-07-21  16:50:32,60,14,-0.18,0.976,-0.056
2021-07-21  16:50:33,60,14,-0.188,0.976,-0.064
2021-07-21  16:50:34,60,14,-0.184,0.984,-0.064
2021-07-21  16:50:35,60,14,-0.192,0.984,-0.068
2021-07-21  16:50:36,59,14,-0.188,0.992,-0.064
2021-07-21  16:50:37,60,14,-0.188,0.984,-0.06
2021-07-21  16:50:39,60,14,-0.192,0.984,-0.056
2021-07-21  16:50:40,59,14,-0.196,0.98,-0.056
2021-07-21  16:50:41,60,14,-0.196,0.98,-0.052
2021-07-21  16:50:42,59,14,-0.188,0.988,-0.064
2021-07-21  16:50:45,61,14,-0.192,0.992,-0.052
2021-07-21  16:50:46,60,14,-0.18,0.984,-0.072
2021-07-21  16:50:47,60,14,-0.184,0.984,-0.056
2021-07-21  16:50:48,59,14,-0.188,0.988,-0.06
2021-07-21  16:50:49,60,14,-0.2,0.984,-0.064
2021-07-21  16:50:50,59,14,-0.192,0.992,-0.056
2021-07-21  16:50:51,60,14,-0.196,0.992,-0.06
2021-07-21  16:50:53,60,14,-0.192,0.992,-0.06
2021-07-21  16:50:55,60,14,-0.192,0.984,-0.06
2021-07-21  16:50:56,60,14,-0.192,0.976,-0.06
2021-07-21  16:50:57,59,14,-0.188,0.976,-0.06
2021-07-21  16:50:59,59,14,-0.192,0.988,-0.064
2021-07-21  16:51:00,60,14,-0.196,0.984,-0.06
2021-07-21  16:51:01,60,14,-0.184,0.98,-0.06
2021-07-21  16:51:03,60,14,-0.188,0.984,-0.052
2021-07-21  16:51:05,59,14,-0.192,0.988,-0.064
2021-07-21  16:51:06,60,14,-0.192,0.992,-0.064
2021-07-21  16:51:07,60,14,-0.188,0.98,-0.064
2021-07-21  16:51:08,59,14,-0.188,0.984,-0.06
2021-07-21  16:51:09,59,14,-0.192,0.984,-0.06
2021-07-21  16:51:10,60,14,-0.188,0.984,-0.056
2021-07-21  16:51:12,59,14,-0.188,0.988,-0.064
2021-07-21  16:51:13,61,14,-0.196,0.988,-0.056
2021-07-21  16:51:17,60,14,-0.2,0.992,-0.056
2021-07-21  16:51:18,60,14,-0.192,0.984,-0.056
2021-07-21  16:51:22,61,14,-0.192,0.984,-0.056
2021-07-21  16:51:23,61,14,-0.2,0.988,-0.056
2021-07-21  16:51:26,61,14,-0.184,0.98,-0.056
2021-07-21  16:51:28,60,14,-0.188,0.984,-0.056
2021-07-21  16:51:31,60,14,-0.188,0.988,-0.056
2021-07-21  16:51:33,60,14,-0.192,0.98,-0.056
2021-07-21  16:51:34,59,14,-0.188,0.988,-0.068
2021-07-21  16:51:35,59,14,-0.2,0.988,-0.072
2021-07-21  16:51:36,60,14,-0.188,0.988,-0.06
2021-07-21  16:51:37,59,14,-0.188,0.988,-0.064
2021-07-21  16:51:38,60,14,-0.196,0.996,-0.06
2021-07-21  16:51:40,59,14,-0.196,0.988,-0.06
2021-07-21  16:51:42,61,14,-0.192,0.984,-0.064
2021-07-21  16:51:43,60,14,-0.196,0.984,-0.056
2021-07-21  16:51:46,60,14,-0.188,0.992,-0.056
2021-07-21  16:51:47,59,14,-0.192,0.988,-0.064
2021-07-21  16:51:48,59,14,-0.192,0.992,-0.064
2021-07-21  16:51:49,59,14,-0.188,0.988,-0.052
2021-07-21  16:51:50,60,14,-0.196,0.984,-0.056
2021-07-21  16:51:52,60,14,-0.192,0.992,-0.068
2021-07-21  16:51:55,60,14,-0.192,0.988,-0.056
2021-07-21  16:51:57,59,14,-0.2,0.984,-0.056
2021-07-21  16:51:58,59,14,-0.196,0.98,-0.064
2021-07-21  16:51:59,59,14,-0.188,0.98,-0.06
2021-07-21  16:52:01,61,14,-0.192,0.984,-0.06
2021-07-21  16:52:03,59,14,-0.188,0.98,-0.064
2021-07-21  16:52:04,59,14,-0.192,0.984,-0.06
2021-07-21  16:52:05,60,14,-0.192,0.976,-0.068
2021-07-21  16:52:06,59,14,-0.192,0.98,-0.06
2021-07-21  16:52:07,59,14,-0.196,0.988,-0.064
2021-07-21  16:52:08,59,14,-0.196,0.988,-0.06
2021-07-21  16:52:09,59,14,-0.184,0.992,-0.06
2021-07-21  16:52:11,59,14,-0.2,0.992,-0.068
2021-07-21  16:52:12,60,14,-0.184,0.98,-0.056
2021-07-21  16:52:13,59,14,-0.192,0.992,-0.068
2021-07-21  16:52:14,60,14,-0.192,0.984,-0.072
2021-07-21  16:52:15,59,14,-0.2,0.98,-0.06
2021-07-21  16:52:16,59,14,-0.192,0.976,-0.064
2021-07-21  16:52:18,59,14,-0.196,0.984,-0.06
2021-07-21  16:52:19,60,14,-0.188,0.988,-0.06
2021-07-21  16:52:20,59,14,-0.192,0.984,-0.064
2021-07-21  16:52:21,60,14,-0.188,0.98,-0.068
2021-07-21  16:52:22,60,14,-0.192,0.988,-0.056
2021-07-21  16:52:25,60,14,-0.192,0.98,-0.068
2021-07-21  16:52:26,59,14,-0.192,0.984,-0.06
2021-07-21  16:52:28,59,14,-0.196,0.984,-0.064
2021-07-21  16:52:31,61,14,-0.196,0.988,-0.068
2021-07-21  16:52:32,59,14,-0.188,0.984,-0.06
2021-07-21  16:52:33,59,14,-0.188,0.992,-0.064
2021-07-21  16:52:36,61,14,-0.192,0.988,-0.056
2021-07-21  16:52:37,59,14,-0.188,0.984,-0.052
2021-07-21  16:52:38,59,14,-0.188,0.984,-0.06
2021-07-21  16:52:39,60,14,-0.188,0.972,-0.052
2021-07-21  16:52:40,60,14,-0.184,0.984,-0.068
2021-07-21  16:52:42,60,14,-0.192,0.988,-0.068
2021-07-21  16:52:43,60,14,-0.192,0.996,-0.048
2021-07-21  16:52:45,61,14,-0.192,0.98,-0.06
2021-07-21  16:52:46,60,14,-0.196,0.988,-0.06
2021-07-21  16:52:49,60,14,-0.184,0.988,-0.052
2021-07-21  16:52:50,60,14,-0.188,0.98,-0.052
2021-07-21  16:52:51,60,14,-0.192,0.988,-0.06
2021-07-21  16:52:52,60,14,-0.196,0.992,-0.056
2021-07-21  16:52:53,60,14,-0.184,0.98,-0.06
2021-07-21  16:52:55,60,14,-0.196,0.984,-0.06
2021-07-21  16:52:56,60,14,-0.196,0.976,-0.056
2021-07-21  16:52:57,60,14,-0.196,0.988,-0.06
2021-07-21  16:52:58,60,14,-0.188,0.984,-0.052
2021-07-21  16:53:01,61,14,-0.196,0.984,-0.06
2021-07-21  16:53:02,60,14,-0.192,0.992,-0.052
2021-07-21  16:53:04,60,14,-0.192,0.984,-0.068
2021-07-21  16:53:05,60,14,-0.196,0.984,-0.06
2021-07-21  16:53:07,60,14,-0.192,0.984,-0.068
2021-07-21  16:53:08,60,14,-0.188,0.984,-0.064
2021-07-21  16:53:10,61,14,-0.192,0.984,-0.06
2021-07-21  16:53:11,60,14,-0.188,0.988,-0.06
2021-07-21  16:53:13,61,14,-0.192,0.98,-0.064
2021-07-21  16:53:16,61,14,-0.188,0.984,-0.068
2021-07-21  16:53:18,60,14,-0.196,0.984,-0.064
2021-07-21  16:53:20,60,14,-0.192,0.984,-0.056
2021-07-21  16:53:21,59,14,-0.192,0.984,-0.056
2021-07-21  16:53:22,61,14,-0.192,0.988,-0.056
2021-07-21  16:53:26,60,14,-0.192,0.988,-0.06
2021-07-21  16:53:27,61,14,-0.188,0.988,-0.056
2021-07-21  16:53:31,60,14,-0.2,0.988,-0.068
2021-07-21  16:53:32,60,14,-0.196,0.984,-0.068
2021-07-21  16:53:33,60,14,-0.196,0.992,-0.056
2021-07-21  16:53:35,60,14,-0.188,0.98,-0.068
2021-07-21  16:53:36,60,14,-0.188,0.988,-0.052
2021-07-21  16:53:37,60,14,-0.192,0.98,-0.052
2021-07-21  16:53:38,60,14,-0.196,0.988,-0.06
2021-07-21  16:53:39,60,14,-0.2,0.988,-0.064
2021-07-21  16:53:40,60,14,-0.196,0.984,-0.06
2021-07-21  16:53:42,60,14,-0.2,0.984,-0.06
2021-07-21  16:53:43,60,14,-0.192,0.984,-0.052
2021-07-21  16:53:44,59,14,-0.184,0.98,-0.06
2021-07-21  16:53:46,61,14,-0.184,0.988,-0.056
2021-07-21  16:53:48,59,14,-0.192,0.984,-0.064
2021-07-21  16:53:49,60,14,-0.196,0.988,-0.064
2021-07-21  16:53:50,60,14,-0.196,0.988,-0.068
2021-07-21  16:53:51,60,14,-0.196,0.984,-0.052
2021-07-21  16:53:52,60,14,-0.192,0.988,-0.068
2021-07-21  16:53:53,60,14,-0.192,0.98,-0.064
2021-07-21  16:53:55,59,14,-0.192,0.988,-0.068
2021-07-21  16:53:56,60,14,-0.196,0.984,-0.056
2021-07-21  16:53:57,60,14,-0.188,0.984,-0.064
2021-07-21  16:53:58,59,14,-0.184,0.992,-0.056
2021-07-21  16:54:01,60,14,-0.196,0.988,-0.064
2021-07-21  16:54:02,59,14,-0.188,0.98,-0.056
2021-07-21  16:54:03,60,14,-0.18,0.98,-0.06
2021-07-21  16:54:04,61,14,-0.196,0.984,-0.06
2021-07-21  16:54:08,60,14,-0.192,0.98,-0.06
2021-07-21  16:54:09,60,14,-0.188,0.984,-0.056
2021-07-21  16:54:10,59,14,-0.192,0.984,-0.06
2021-07-21  16:54:11,60,14,-0.192,0.98,-0.076
2021-07-21  16:54:13,59,14,-0.188,0.984,-0.064
2021-07-21  16:54:14,60,14,-0.18,0.988,-0.056
2021-07-21  16:54:15,60,14,-0.196,0.988,-0.064
2021-07-21  16:54:16,60,14,-0.2,0.984,-0.064
2021-07-21  16:54:17,61,14,-0.184,0.984,-0.064
2021-07-21  16:54:21,60,14,-0.192,0.98,-0.06
2021-07-21  16:54:22,59,14,-0.192,0.984,-0.064
2021-07-21  16:54:23,60,14,-0.196,0.984,-0.056
2021-07-21  16:54:24,59,14,-0.192,0.98,-0.06
2021-07-21  16:54:26,59,14,-0.188,0.984,-0.064
2021-07-21  16:54:27,60,14,-0.192,0.988,-0.064
2021-07-21  16:54:28,59,14,-0.188,0.984,-0.056
2021-07-21  16:54:29,60,14,-0.196,0.992,-0.06
2021-07-21  16:54:30,59,14,-0.188,0.98,-0.06
2021-07-21  16:54:33,60,14,-0.192,0.984,-0.06
2021-07-21  16:54:34,59,14,-0.188,0.98,-0.06
2021-07-21  16:54:36,59,14,-0.184,0.988,-0.06
2021-07-21  16:54:39,60,14,-0.196,0.988,-0.064
2021-07-21  16:54:40,60,14,-0.188,0.984,-0.068
2021-07-21  16:54:41,60,14,-0.196,0.996,-0.06
2021-07-21  16:54:44,60,14,-0.196,0.984,-0.056
2021-07-21  16:54:45,60,14,-0.188,0.988,-0.068
2021-07-21  16:54:47,60,14,-0.188,0.984,-0.068
2021-07-21  16:54:49,59,14,-0.196,0.992,-0.06
2021-07-21  16:54:50,59,14,-0.192,0.988,-0.06
2021-07-21  16:54:54,60,14,-0.192,0.988,-0.06
2021-07-21  16:54:55,60,14,-0.184,0.976,-0.056
2021-07-21  16:54:56,60,14,-0.192,0.988,-0.06
2021-07-21  16:54:57,60,14,-0.196,0.988,-0.06
2021-07-21  16:54:58,59,14,-0.188,0.996,-0.06
2021-07-21  16:54:59,60,14,-0.192,0.988,-0.06
2021-07-21  16:55:00,60,14,-0.2,0.98,-0.048
2021-07-21  16:55:02,60,14,-0.196,0.988,-0.072
2021-07-21  16:55:03,60,14,-0.184,0.98,-0.056
2021-07-21  16:55:05,60,14,-0.188,0.984,-0.06
2021-07-21  16:55:09,60,14,-0.192,0.988,-0.06
2021-07-21  16:55:10,60,14,-0.188,0.988,-0.06
2021-07-21  16:55:11,60,14,-0.188,0.984,-0.068
2021-07-21  16:55:13,60,14,-0.184,0.988,-0.052
2021-07-21  16:55:14,60,14,-0.192,0.992,-0.056
2021-07-21  16:55:16,61,14,-0.188,0.988,-0.06
2021-07-21  16:55:17,59,14,-0.196,0.996,-0.056
2021-07-21  16:55:19,60,14,-0.192,0.988,-0.056
2021-07-21  16:55:20,59,14,-0.192,0.988,-0.056
2021-07-21  16:55:21,60,14,-0.188,0.98,-0.068
2021-07-21  16:55:23,61,14,-0.188,0.984,-0.056
2021-07-21  16:55:25,59,14,-0.196,0.988,-0.064
2021-07-21  16:55:26,60,14,-0.184,0.988,-0.064
2021-07-21  16:55:27,60,14,-0.184,0.984,-0.064
2021-07-21  16:55:28,59,14,-0.188,0.988,-0.056
2021-07-21  16:55:29,60,14,-0.196,0.984,-0.06
2021-07-21  16:55:30,60,14,-0.196,0.992,-0.064
2021-07-21  16:55:32,59,14,-0.204,0.992,-0.056
2021-07-21  16:55:33,59,14,-0.188,0.98,-0.06
2021-07-21  16:55:37,60,14,-0.192,0.984,-0.056
2021-07-21  16:55:38,60,14,-0.192,0.98,-0.064
2021-07-21  16:55:39,60,14,-0.188,0.98,-0.06
2021-07-21  16:55:40,59,14,-0.2,0.988,-0.064
2021-07-21  16:55:42,60,14,-0.192,0.984,-0.068
2021-07-21  16:55:45,61,14,-0.188,0.976,-0.064
2021-07-21  16:55:46,60,14,-0.196,0.98,-0.06
2021-07-21  16:55:49,61,14,-0.192,0.98,-0.052
2021-07-21  16:55:50,59,14,-0.184,0.98,-0.068
2021-07-21  16:55:51,60,14,-0.2,0.98,-0.052
2021-07-21  16:55:52,60,14,-0.188,0.984,-0.06
2021-07-21  16:55:53,60,14,-0.188,0.984,-0.06
2021-07-21  16:55:57,60,14,-0.188,0.98,-0.064
2021-07-21  16:55:58,60,14,-0.192,0.992,-0.06
2021-07-21  16:55:59,60,14,-0.192,0.988,-0.052
2021-07-21  16:56:02,61,14,-0.188,0.988,-0.068
2021-07-21  16:56:03,59,14,-0.184,0.976,-0.064
2021-07-21  16:56:04,60,14,-0.192,0.984,-0.06
2021-07-21  16:56:05,60,14,-0.192,0.984,-0.068
2021-07-21  16:56:07,60,14,-0.188,0.984,-0.056
2021-07-21  16:56:09,60,14,-0.184,0.984,-0.056
2021-07-21  16:56:10,59,14,-0.196,0.988,-0.056
2021-07-21  16:56:11,60,14,-0.188,0.976,-0.052
2021-07-21  16:56:13,59,14,-0.196,0.988,-0.064
2021-07-21  16:56:14,59,14,-0.188,0.976,-0.06
2021-07-21  16:56:16,61,14,-0.184,0.984,-0.06
2021-07-21  16:56:17,60,14,-0.188,0.984,-0.064
2021-07-21  16:56:19,59,14,-0.192,0.98,-0.06
2021-07-21  16:56:20,60,14,-0.196,0.992,-0.056
2021-07-21  16:56:21,60,14,-0.196,0.984,-0.064
2021-07-21  16:56:22,59,14,-0.192,0.976,-0.052
2021-07-21  16:56:23,59,14,-0.192,0.988,-0.06
2021-07-21  16:56:24,59,14,-0.192,0.98,-0.052
2021-07-21  16:56:26,59,14,-0.192,0.992,-0.06
2021-07-21  16:56:28,60,14,-0.192,0.988,-0.056
2021-07-21  16:56:29,59,14,-0.184,0.984,-0.064
2021-07-21  16:56:30,59,14,-0.192,0.984,-0.056
2021-07-21  16:56:33,60,14,-0.188,0.98,-0.064
2021-07-21  16:56:37,60,14,-0.196,0.992,-0.064
2021-07-21  16:56:38,60,14,-0.192,0.984,-0.068
2021-07-21  16:56:42,60,14,-0.184,0.98,-0.056
2021-07-21  16:56:43,59,14,-0.192,0.984,-0.06
2021-07-21  16:56:45,59,14,-0.192,0.984,-0.06
2021-07-21  16:56:48,60,14,-0.192,0.972,-0.06
2021-07-21  16:56:49,59,14,-0.188,0.98,-0.056
2021-07-21  16:56:50,59,14,-0.2,0.988,-0.068
2021-07-21  16:56:53,60,14,-0.192,0.984,-0.064
2021-07-21  16:56:54,59,14,-0.2,0.988,-0.072
2021-07-21  16:56:55,59,14,-0.192,0.984,-0.056
2021-07-21  16:56:56,59,14,-0.188,0.988,-0.06
2021-07-21  16:56:57,59,14,-0.192,0.98,-0.056
2021-07-21  16:56:58,59,14,-0.196,0.984,-0.068
2021-07-21  16:56:59,59,14,-0.188,0.984,-0.056
2021-07-21  16:57:01,60,14,-0.196,0.988,-0.056
2021-07-21  16:57:03,60,14,-0.188,0.98,-0.06
2021-07-21  16:57:04,59,14,-0.192,0.984,-0.06
2021-07-21  16:57:05,59,14,-0.196,0.992,-0.06
2021-07-21  16:57:07,59,14,-0.188,0.988,-0.068
2021-07-21  16:57:08,59,14,-0.2,0.988,-0.064
2021-07-21  16:57:09,59,14,-0.192,0.992,-0.064
2021-07-21  16:57:10,59,14,-0.2,0.988,-0.06
2021-07-21  16:57:11,59,14,-0.188,0.984,-0.06
2021-07-21  16:57:14,60,14,-0.188,0.988,-0.052
2021-07-21  16:57:15,59,14,-0.192,0.992,-0.064
2021-07-21  16:57:17,61,14,-0.2,0.984,-0.056
2021-07-21  16:57:19,59,14,-0.188,0.988,-0.064
2021-07-21  16:57:20,59,14,-0.188,0.98,-0.056
2021-07-21  16:57:21,59,14,-0.196,0.984,-0.056
2021-07-21  16:57:22,59,14,-0.192,0.98,-0.064
2021-07-21  16:57:23,59,14,-0.192,0.988,-0.052
2021-07-21  16:57:26,59,14,-0.192,0.988,-0.052
2021-07-21  16:57:28,60,14,-0.192,0.992,-0.064
2021-07-21  16:57:29,59,14,-0.192,0.98,-0.06
2021-07-21  16:57:31,59,14,-0.192,0.984,-0.06
2021-07-21  16:57:32,60,14,-0.196,0.988,-0.06
2021-07-21  16:57:36,59,14,-0.196,0.984,-0.06
2021-07-21  16:57:38,60,14,-0.2,0.984,-0.072
2021-07-21  16:57:39,59,14,-0.188,0.988,-0.056
2021-07-21  16:57:42,60,14,-0.196,0.988,-0.056
2021-07-21  16:57:43,59,14,-0.188,0.988,-0.06
2021-07-21  16:57:44,59,14,-0.188,0.98,-0.068
2021-07-21  16:57:45,59,14,-0.188,0.988,-0.064
2021-07-21  16:57:46,59,14,-0.188,0.984,-0.06
2021-07-21  16:57:47,59,14,-0.188,0.988,-0.06
2021-07-21  16:57:49,59,14,-0.196,0.98,-0.056
2021-07-21  16:57:50,59,14,-0.196,0.996,-0.056
2021-07-21  16:57:51,59,14,-0.192,0.988,-0.06
2021-07-21  16:57:53,60,14,-0.192,0.988,-0.06
2021-07-21  16:57:55,59,14,-0.188,0.984,-0.056
2021-07-21  16:57:57,60,14,-0.196,0.988,-0.056
2021-07-21  16:57:58,60,14,-0.196,0.988,-0.072
2021-07-21  16:58:02,60,14,-0.184,0.984,-0.064
2021-07-21  16:58:03,59,14,-0.188,0.988,-0.056
2021-07-21  16:58:04,60,14,-0.192,0.988,-0.06
2021-07-21  16:58:08,60,14,-0.192,0.988,-0.068
2021-07-21  16:58:09,59,14,-0.192,0.984,-0.06
2021-07-21  16:58:11,59,14,-0.192,0.988,-0.06
2021-07-21  16:58:12,59,14,-0.192,0.988,-0.064
2021-07-21  16:58:13,59,14,-0.184,0.988,-0.06
2021-07-21  16:58:14,59,14,-0.196,0.98,-0.06
2021-07-21  16:58:15,60,14,-0.188,0.984,-0.064
2021-07-21  16:58:16,59,14,-0.192,0.984,-0.056
2021-07-21  16:58:17,59,14,-0.2,0.988,-0.064
2021-07-21  16:58:19,59,14,-0.192,0.988,-0.056
2021-07-21  16:58:20,59,14,-0.196,0.992,-0.064
2021-07-21  16:58:21,59,14,-0.196,0.984,-0.064
2021-07-21  16:58:22,59,14,-0.192,0.984,-0.064
2021-07-21  16:58:23,59,14,-0.192,0.984,-0.064
2021-07-21  16:58:24,59,14,-0.192,0.988,-0.06
2021-07-21  16:58:26,59,14,-0.188,0.98,-0.064
2021-07-21  16:58:27,60,14,-0.192,0.984,-0.06
2021-07-21  16:58:28,59,14,-0.196,0.984,-0.056
2021-07-21  16:58:29,59,14,-0.192,0.984,-0.06
2021-07-21  16:58:30,60,14,-0.192,0.988,-0.056
2021-07-21  16:58:31,59,14,-0.184,0.984,-0.064
2021-07-21  16:58:33,60,14,-0.192,0.992,-0.06
2021-07-21  16:58:34,59,14,-0.192,0.988,-0.056
2021-07-21  16:58:35,59,14,-0.2,0.992,-0.06
2021-07-21  16:58:36,59,14,-0.188,0.988,-0.052
2021-07-21  16:58:37,59,14,-0.192,0.984,-0.068
2021-07-21  16:58:38,59,14,-0.192,0.988,-0.068
2021-07-21  16:58:40,59,14,-0.184,0.98,-0.064
2021-07-21  16:58:41,60,14,-0.192,0.988,-0.06
2021-07-21  16:58:43,60,14,-0.196,0.988,-0.06
2021-07-21  16:58:44,59,14,-0.192,0.992,-0.056
2021-07-21  16:58:46,59,14,-0.192,0.984,-0.052
2021-07-21  16:58:49,60,14,-0.192,0.98,-0.06
2021-07-21  16:58:51,59,14,-0.196,0.98,-0.056
2021-07-21  16:58:53,60,14,-0.188,0.988,-0.064
2021-07-21  16:58:54,59,14,-0.196,0.988,-0.06
2021-07-21  16:58:55,59,14,-0.188,0.984,-0.064
2021-07-21  16:58:57,59,14,-0.196,0.992,-0.068
2021-07-21  16:58:59,60,14,-0.192,0.988,-0.072
2021-07-21  16:59:00,59,14,-0.184,0.984,-0.064
2021-07-21  16:59:01,59,14,-0.184,0.98,-0.06
2021-07-21  16:59:02,59,14,-0.192,0.984,-0.06
2021-07-21  16:59:04,59,14,-0.192,0.988,-0.06
2021-07-21  16:59:05,59,14,-0.188,0.98,-0.052
2021-07-21  16:59:06,59,14,-0.196,0.992,-0.052
2021-07-21  16:59:07,59,14,-0.192,0.98,-0.072
2021-07-21  16:59:10,60,14,-0.192,0.984,-0.06
2021-07-21  16:59:11,60,14,-0.192,0.988,-0.056
2021-07-21  16:59:15,60,14,-0.184,0.988,-0.056
2021-07-21  16:59:16,59,14,-0.196,0.988,-0.056
2021-07-21  16:59:17,59,14,-0.192,0.984,-0.056
2021-07-21  16:59:18,59,14,-0.188,0.988,-0.056
2021-07-21  16:59:19,59,14,-0.192,0.988,-0.064
2021-07-21  16:59:20,59,14,-0.188,0.984,-0.056
2021-07-21  16:59:22,59,14,-0.192,0.984,-0.056
2021-07-21  16:59:24,60,14,-0.188,0.988,-0.052
2021-07-21  16:59:25,59,14,-0.184,0.976,-0.068
2021-07-21  16:59:26,60,14,-0.192,0.988,-0.064
2021-07-21  16:59:30,60,14,-0.196,0.988,-0.056
2021-07-21  16:59:31,59,14,-0.192,0.988,-0.052
2021-07-21  16:59:33,60,14,-0.192,0.988,-0.064
2021-07-21  16:59:36,60,14,-0.184,0.984,-0.06
2021-07-21  16:59:37,59,14,-0.192,0.984,-0.056
2021-07-21  16:59:39,60,14,-0.196,0.988,-0.064
2021-07-21  16:59:42,60,14,-0.184,0.98,-0.064
2021-07-21  16:59:44,59,14,-0.192,0.984,-0.064
2021-07-21  16:59:45,59,14,-0.196,0.984,-0.06
2021-07-21  16:59:46,59,14,-0.192,0.988,-0.056
2021-07-21  16:59:47,60,14,-0.192,0.984,-0.056
2021-07-21  16:59:48,59,14,-0.192,0.984,-0.06
2021-07-21  16:59:49,60,14,-0.196,0.992,-0.06
2021-07-21  16:59:51,60,14,-0.188,0.988,-0.064
2021-07-21  16:59:54,59,14,-0.192,0.988,-0.06
2021-07-21  16:59:57,60,14,-0.184,0.976,-0.06
2021-07-21  16:59:58,59,14,-0.192,0.98,-0.064
2021-07-21  16:59:59,59,14,-0.196,0.992,-0.06
2021-07-21  17:00:00,59,14,-0.192,0.984,-0.064
2021-07-21  17:00:02,60,14,-0.196,0.984,-0.068
2021-07-21  17:00:03,59,14,-0.188,0.988,-0.052
2021-07-21  17:00:04,59,14,-0.188,0.988,-0.056
2021-07-21  17:00:05,59,14,-0.192,0.984,-0.064
2021-07-21  17:00:08,60,14,-0.2,0.988,-0.056
2021-07-21  17:00:09,59,14,-0.196,0.98,-0.056
2021-07-21  17:00:10,60,14,-0.192,0.992,-0.06
2021-07-21  17:00:14,60,14,-0.192,0.984,-0.056
2021-07-21  17:00:15,59,14,-0.192,0.992,-0.052
2021-07-21  17:00:16,59,14,-0.196,0.984,-0.056
2021-07-21  17:00:20,60,14,-0.192,0.976,-0.06
2021-07-21  17:00:21,59,14,-0.188,0.984,-0.06
2021-07-21  17:00:23,60,14,-0.188,0.984,-0.068
2021-07-21  17:00:25,60,14,-0.192,0.988,-0.052
2021-07-21  17:00:27,60,14,-0.196,0.984,-0.052
2021-07-21  17:00:28,59,14,-0.188,0.976,-0.064
2021-07-21  17:00:29,60,14,-0.184,0.984,-0.064
2021-07-21  17:00:33,60,14,-0.192,0.988,-0.064
2021-07-21  17:00:34,59,14,-0.188,0.984,-0.06
2021-07-21  17:00:36,59,14,-0.184,0.984,-0.06
2021-07-21  17:00:37,59,14,-0.192,0.992,-0.06
2021-07-21  17:00:38,59,14,-0.188,0.984,-0.064
2021-07-21  17:00:40,60,14,-0.192,0.992,-0.052
2021-07-21  17:00:42,59,14,-0.192,0.988,-0.06
2021-07-21  17:00:43,59,14,-0.192,0.984,-0.064
2021-07-21  17:00:44,60,14,-0.2,0.988,-0.064
2021-07-21  17:00:45,59,14,-0.192,0.98,-0.064
2021-07-21  17:00:46,59,14,-0.196,0.992,-0.064
2021-07-21  17:00:47,59,14,-0.196,0.98,-0.064
2021-07-21  17:00:49,59,14,-0.188,0.988,-0.056
2021-07-21  17:00:51,60,14,-0.188,0.984,-0.072
2021-07-21  17:00:52,60,14,-0.188,0.98,-0.056
2021-07-21  17:00:53,59,14,-0.188,0.984,-0.056
2021-07-21  17:00:54,60,14,-0.196,0.984,-0.064
2021-07-21  17:00:56,59,14,-0.188,0.984,-0.056
2021-07-21  17:00:57,59,14,-0.188,0.988,-0.056
2021-07-21  17:00:58,60,14,-0.196,0.984,-0.06
2021-07-21  17:01:02,60,14,-0.188,0.98,-0.06
2021-07-21  17:01:03,59,14,-0.2,0.992,-0.06
2021-07-21  17:01:04,60,14,-0.188,0.98,-0.056
2021-07-21  17:01:05,59,14,-0.192,0.988,-0.052
2021-07-21  17:01:06,59,14,-0.196,0.984,-0.064
2021-07-21  17:01:08,59,14,-0.192,0.976,-0.064
2021-07-21  17:01:10,60,14,-0.188,0.98,-0.06
2021-07-21  17:01:11,60,14,-0.192,0.984,-0.06
2021-07-21  17:01:14,60,14,-0.184,0.984,-0.052
2021-07-21  17:01:15,59,14,-0.188,0.984,-0.056
2021-07-21  17:01:17,60,14,-0.184,0.984,-0.06
2021-07-21  17:01:19,59,14,-0.18,0.984,-0.06
2021-07-21  17:01:20,60,14,-0.192,0.988,-0.056
2021-07-21  17:01:21,59,14,-0.196,0.988,-0.056
2021-07-21  17:01:22,59,14,-0.196,0.984,-0.044
2021-07-21  17:01:25,61,14,-0.192,0.992,-0.064
2021-07-21  17:01:28,61,14,-0.2,0.988,-0.064
2021-07-21  17:01:29,60,14,-0.188,0.984,-0.06
2021-07-21  17:01:31,60,14,-0.2,0.992,-0.064
2021-07-21  17:01:32,59,14,-0.192,0.976,-0.06
2021-07-21  17:01:34,61,14,-0.184,0.988,-0.064
2021-07-21  17:01:35,59,14,-0.192,0.988,-0.064
2021-07-21  17:01:37,60,14,-0.196,0.98,-0.064
2021-07-21  17:01:38,60,14,-0.2,0.984,-0.068
2021-07-21  17:01:39,59,14,-0.188,0.984,-0.06
2021-07-21  17:01:40,61,14,-0.188,0.98,-0.06
2021-07-21  17:01:44,60,14,-0.192,0.98,-0.056
2021-07-21  17:01:45,59,14,-0.184,0.984,-0.06
2021-07-21  17:01:46,60,14,-0.192,0.984,-0.068
2021-07-21  17:01:47,60,14,-0.192,0.984,-0.06
2021-07-21  17:01:49,60,14,-0.192,0.984,-0.068
2021-07-21  17:01:51,60,14,-0.188,0.98,-0.068
2021-07-21  17:01:52,60,14,-0.192,0.992,-0.068
2021-07-21  17:01:53,60,14,-0.192,0.98,-0.06
2021-07-21  17:01:56,61,14,-0.196,0.992,-0.048
2021-07-21  17:01:57,59,14,-0.188,0.988,-0.06
2021-07-21  17:01:58,60,14,-0.192,0.984,-0.056
2021-07-21  17:01:59,60,14,-0.196,0.988,-0.052
2021-07-21  17:02:01,59,14,-0.188,0.98,-0.06
2021-07-21  17:02:02,59,14,-0.192,0.98,-0.064
2021-07-21  17:02:04,61,14,-0.196,0.992,-0.052
2021-07-21  17:02:08,60,14,-0.192,0.984,-0.068
2021-07-21  17:02:09,60,14,-0.192,0.984,-0.056
2021-07-21  17:02:10,60,14,-0.192,0.976,-0.056
2021-07-21  17:02:13,61,14,-0.192,0.984,-0.056
2021-07-21  17:02:14,60,14,-0.192,0.984,-0.056
2021-07-21  17:02:16,60,14,-0.196,0.992,-0.056
2021-07-21  17:02:18,60,14,-0.188,0.984,-0.06
2021-07-21  17:02:19,59,14,-0.188,0.98,-0.072
2021-07-21  17:02:20,59,14,-0.196,0.988,-0.064
2021-07-21  17:02:24,61,14,-0.188,0.992,-0.06
2021-07-21  17:02:25,60,14,-0.192,0.98,-0.06
2021-07-21  17:02:27,61,14,-0.196,0.992,-0.064
2021-07-21  17:02:29,59,14,-0.188,0.98,-0.064
2021-07-21  17:02:30,59,14,-0.192,0.992,-0.064
2021-07-21  17:02:32,61,14,-0.192,0.984,-0.068
2021-07-21  17:02:33,59,14,-0.192,0.984,-0.06
2021-07-21  17:02:35,60,14,-0.188,0.984,-0.056
2021-07-21  17:02:36,60,14,-0.196,0.988,-0.056
2021-07-21  17:02:37,59,14,-0.192,0.984,-0.068
2021-07-21  17:02:38,59,14,-0.192,0.98,-0.056
2021-07-21  17:02:39,61,14,-0.196,0.984,-0.064
2021-07-21  17:02:43,61,14,-0.192,0.984,-0.056
2021-07-21  17:02:44,60,14,-0.188,0.98,-0.06
2021-07-21  17:02:45,60,14,-0.192,0.988,-0.06
2021-07-21  17:02:46,59,14,-0.192,0.984,-0.072
2021-07-21  17:02:48,60,14,-0.188,0.98,-0.076
2021-07-21  17:02:49,59,14,-0.196,0.988,-0.064
2021-07-21  17:02:50,60,14,-0.184,0.984,-0.056
2021-07-21  17:02:51,61,14,-0.188,0.996,-0.064
2021-07-21  17:02:55,60,14,-0.196,0.988,-0.064
2021-07-21  17:02:56,60,14,-0.192,0.992,-0.056
2021-07-21  17:02:57,60,14,-0.188,0.992,-0.06
2021-07-21  17:02:58,59,14,-0.196,0.984,-0.064
2021-07-21  17:03:00,60,14,-0.196,0.992,-0.068
2021-07-21  17:03:02,60,14,-0.192,0.984,-0.052
2021-07-21  17:03:03,60,14,-0.188,0.984,-0.06
2021-07-21  17:03:04,60,14,-0.192,0.992,-0.064
2021-07-21  17:03:08,60,14,-0.188,0.984,-0.056
2021-07-21  17:03:09,59,14,-0.184,0.984,-0.064
2021-07-21  17:03:11,60,14,-0.188,0.984,-0.068
2021-07-21  17:03:12,60,14,-0.184,0.976,-0.052
2021-07-21  17:03:13,60,14,-0.192,0.984,-0.068
2021-07-21  17:03:17,61,14,-0.192,0.992,-0.06
2021-07-21  17:03:18,60,14,-0.2,0.984,-0.056
2021-07-21  17:03:19,60,14,-0.192,0.988,-0.06
2021-07-21  17:03:21,61,14,-0.196,0.988,-0.068
2021-07-21  17:03:23,60,14,-0.192,0.984,-0.064
2021-07-21  17:03:24,60,14,-0.196,0.988,-0.056
2021-07-21  17:03:26,60,14,-0.196,0.98,-0.056
2021-07-21  17:03:27,60,14,-0.196,0.98,-0.064
2021-07-21  17:03:29,60,14,-0.196,0.984,-0.064
2021-07-21  17:03:31,60,14,-0.188,0.988,-0.056
2021-07-21  17:03:32,60,14,-0.188,0.988,-0.064
2021-07-21  17:03:33,59,14,-0.2,0.992,-0.06
2021-07-21  17:03:35,60,14,-0.2,0.992,-0.068
2021-07-21  17:03:36,59,14,-0.188,0.984,-0.068
2021-07-21  17:03:37,60,14,-0.184,0.996,-0.068
2021-07-21  17:03:38,60,14,-0.192,0.984,-0.056
2021-07-21  17:03:39,61,14,-0.188,0.984,-0.052
2021-07-21  17:03:43,60,14,-0.184,0.98,-0.064
2021-07-21  17:03:44,60,14,-0.2,0.988,-0.056
2021-07-21  17:03:45,59,14,-0.196,0.992,-0.072
2021-07-21  17:03:48,61,14,-0.192,0.98,-0.052
2021-07-21  17:03:49,59,14,-0.188,0.988,-0.064
2021-07-21  17:03:50,60,14,-0.188,0.988,-0.06
2021-07-21  17:03:51,60,14,-0.192,0.984,-0.064
2021-07-21  17:03:53,60,14,-0.196,0.98,-0.056
2021-07-21  17:03:56,61,14,-0.2,0.988,-0.056
2021-07-21  17:03:57,60,14,-0.188,0.988,-0.056
2021-07-21  17:03:59,59,14,-0.192,0.984,-0.064
2021-07-21  17:04:00,60,14,-0.192,0.988,-0.052
2021-07-21  17:04:01,60,14,-0.196,0.98,-0.06
2021-07-21  17:04:02,60,14,-0.188,0.988,-0.06
2021-07-21  17:04:03,59,14,-0.188,0.98,-0.052
2021-07-21  17:04:04,59,14,-0.184,0.984,-0.06
2021-07-21  17:04:06,60,14,-0.188,0.984,-0.064
2021-07-21  17:04:07,59,14,-0.188,0.988,-0.06
2021-07-21  17:04:08,60,14,-0.192,0.984,-0.068
2021-07-21  17:04:09,60,14,-0.192,0.988,-0.06
2021-07-21  17:04:12,61,14,-0.192,0.984,-0.056
2021-07-21  17:04:13,60,14,-0.188,0.988,-0.052
2021-07-21  17:04:15,61,14,-0.192,0.984,-0.064
2021-07-21  17:04:19,60,14,-0.188,0.984,-0.052
2021-07-21  17:04:20,59,14,-0.192,0.98,-0.064
2021-07-21  17:04:21,60,14,-0.188,0.984,-0.064
2021-07-21  17:04:23,60,14,-0.192,0.98,-0.06
2021-07-21  17:04:25,59,14,-0.188,0.988,-0.056
2021-07-21  17:04:28,61,14,-0.192,0.988,-0.064
2021-07-21  17:04:29,60,14,-0.192,0.988,-0.064
2021-07-21  17:04:31,60,14,-0.196,0.988,-0.06
2021-07-21  17:04:32,60,14,-0.184,0.984,-0.068
2021-07-21  17:04:36,61,14,-0.192,0.988,-0.064
2021-07-21  17:04:37,59,14,-0.192,0.992,-0.064
2021-07-21  17:04:38,60,14,-0.196,0.98,-0.056
2021-07-21  17:04:40,60,14,-0.188,0.984,-0.06
2021-07-21  17:04:41,60,14,-0.192,0.988,-0.072
2021-07-21  17:04:43,61,14,-0.192,0.984,-0.056
2021-07-21  17:04:44,59,14,-0.196,0.988,-0.056
2021-07-21  17:04:46,60,14,-0.192,0.984,-0.052
2021-07-21  17:04:47,60,14,-0.196,0.988,-0.064
2021-07-21  17:04:48,59,14,-0.192,0.988,-0.06
2021-07-21  17:04:49,60,14,-0.192,0.984,-0.056
2021-07-21  17:04:50,60,14,-0.192,0.98,-0.06
2021-07-21  17:04:51,60,14,-0.192,0.984,-0.064
2021-07-21  17:04:53,60,14,-0.188,0.988,-0.06
2021-07-21  17:04:54,60,14,-0.192,0.988,-0.052
2021-07-21  17:04:56,61,14,-0.196,0.984,-0.06
2021-07-21  17:04:57,59,14,-0.188,0.988,-0.064
2021-07-21  17:04:59,60,14,-0.196,0.988,-0.064
2021-07-21  17:05:00,60,14,-0.192,0.992,-0.056
2021-07-21  17:05:01,60,14,-0.188,0.98,-0.06
2021-07-21  17:05:02,60,14,-0.192,0.98,-0.06
2021-07-21  17:05:03,60,14,-0.192,0.984,-0.052
2021-07-21  17:05:04,59,14,-0.192,0.984,-0.056
2021-07-21  17:05:06,59,14,-0.188,0.984,-0.064
2021-07-21  17:05:08,61,14,-0.196,0.988,-0.068
2021-07-21  17:05:09,60,14,-0.196,0.98,-0.06
2021-07-21  17:05:10,60,14,-0.188,0.988,-0.072
2021-07-21  17:05:12,60,14,-0.188,0.98,-0.064
2021-07-21  17:05:13,59,14,-0.188,0.984,-0.056
2021-07-21  17:05:14,60,14,-0.188,0.984,-0.052
2021-07-21  17:05:15,60,14,-0.196,0.984,-0.064
2021-07-21  17:05:16,60,14,-0.196,0.984,-0.064
2021-07-21  17:05:19,60,14,-0.192,0.988,-0.06
2021-07-21  17:05:21,61,14,-0.196,0.988,-0.06
2021-07-21  17:05:22,59,14,-0.196,0.992,-0.056
2021-07-21  17:05:24,60,14,-0.188,0.992,-0.052
2021-07-21  17:05:25,60,14,-0.196,0.984,-0.064
2021-07-21  17:05:27,61,14,-0.196,0.988,-0.06
2021-07-21  17:05:28,60,14,-0.2,0.98,-0.06
2021-07-21  17:05:30,59,14,-0.188,0.988,-0.068
2021-07-21  17:05:31,60,14,-0.188,0.988,-0.056
2021-07-21  17:05:32,60,14,-0.196,0.988,-0.064
2021-07-21  17:05:36,61,14,-0.196,0.992,-0.056
2021-07-21  17:05:37,60,14,-0.192,0.984,-0.056
2021-07-21  17:05:39,60,14,-0.196,0.988,-0.056
2021-07-21  17:05:40,60,14,-0.188,0.984,-0.072
2021-07-21  17:05:42,60,14,-0.196,0.98,-0.056
2021-07-21  17:05:44,61,14,-0.192,0.992,-0.052
2021-07-21  17:05:45,60,14,-0.188,0.992,-0.06
2021-07-21  17:05:46,61,14,-0.192,0.98,-0.064
2021-07-21  17:05:50,60,14,-0.192,0.992,-0.056
2021-07-21  17:05:51,60,14,-0.192,0.984,-0.06
2021-07-21  17:05:53,60,14,-0.192,0.98,-0.048
2021-07-21  17:05:54,60,14,-0.192,0.984,-0.064
2021-07-21  17:05:55,60,14,-0.192,0.988,-0.056
2021-07-21  17:05:56,60,14,-0.196,0.984,-0.056
2021-07-21  17:05:57,60,14,-0.192,0.996,-0.056
2021-07-21  17:05:58,60,14,-0.192,0.984,-0.068
2021-07-21  17:06:00,60,14,-0.196,0.992,-0.06
2021-07-21  17:06:02,61,14,-0.192,0.984,-0.06
2021-07-21  17:06:03,60,14,-0.188,0.988,-0.056
2021-07-21  17:06:06,61,14,-0.192,0.98,-0.06
2021-07-21  17:06:07,60,14,-0.192,0.984,-0.06
2021-07-21  17:06:08,59,14,-0.192,0.988,-0.056
2021-07-21  17:06:09,60,14,-0.192,0.984,-0.056
2021-07-21  17:06:10,60,14,-0.188,0.988,-0.06
2021-07-21  17:06:11,60,14,-0.192,0.984,-0.064
2021-07-21  17:06:13,60,14,-0.196,0.98,-0.052
2021-07-21  17:06:16,61,14,-0.192,0.98,-0.06
2021-07-21  17:06:18,60,14,-0.196,0.988,-0.056
2021-07-21  17:06:19,60,14,-0.204,0.988,-0.064
2021-07-21  17:06:20,60,14,-0.196,0.984,-0.056
2021-07-21  17:06:22,60,14,-0.192,0.988,-0.056
2021-07-21  17:06:24,60,14,-0.192,0.992,-0.056
2021-07-21  17:06:26,61,14,-0.196,0.984,-0.064
2021-07-21  17:06:27,60,14,-0.192,0.98,-0.06
2021-07-21  17:06:28,60,14,-0.192,0.988,-0.06
2021-07-21  17:06:32,60,14,-0.192,0.988,-0.056
2021-07-21  17:06:33,60,14,-0.188,0.98,-0.068
2021-07-21  17:06:35,60,14,-0.192,0.984,-0.056
2021-07-21  17:06:37,61,14,-0.188,0.984,-0.06
2021-07-21  17:06:38,60,14,-0.184,0.98,-0.06
2021-07-21  17:06:41,60,14,-0.192,0.98,-0.056
2021-07-21  17:06:42,60,14,-0.184,0.98,-0.06
2021-07-21  17:06:44,60,14,-0.192,0.988,-0.06
2021-07-21  17:06:48,61,14,-0.2,0.988,-0.06
2021-07-21  17:06:49,60,14,-0.192,0.98,-0.072
2021-07-21  17:06:50,60,14,-0.188,0.984,-0.056
2021-07-21  17:06:52,60,14,-0.192,0.996,-0.06
2021-07-21  17:06:53,60,14,-0.192,0.988,-0.06
2021-07-21  17:06:54,60,14,-0.192,0.984,-0.06
2021-07-21  17:06:55,60,14,-0.2,0.996,-0.056
2021-07-21  17:06:56,60,14,-0.2,0.992,-0.056
2021-07-21  17:06:57,60,14,-0.192,0.98,-0.06
2021-07-21  17:06:59,60,14,-0.188,0.988,-0.06
2021-07-21  17:07:00,60,14,-0.192,0.984,-0.06
2021-07-21  17:07:01,60,14,-0.192,0.988,-0.052
2021-07-21  17:07:02,60,14,-0.192,0.992,-0.06
2021-07-21  17:07:03,60,14,-0.192,0.992,-0.064
2021-07-21  17:07:04,60,14,-0.192,0.98,-0.06
2021-07-21  17:07:06,60,14,-0.192,0.996,-0.06
2021-07-21  17:07:08,60,14,-0.188,0.988,-0.06
2021-07-21  17:07:09,59,14,-0.188,0.984,-0.068
2021-07-21  17:07:10,60,14,-0.188,0.988,-0.064
2021-07-21  17:07:13,61,14,-0.188,0.976,-0.064
2021-07-21  17:07:14,61,14,-0.188,0.988,-0.052
2021-07-21  17:07:18,61,14,-0.188,0.984,-0.056
2021-07-21  17:07:19,59,14,-0.188,0.984,-0.064
2021-07-21  17:07:20,60,14,-0.192,0.984,-0.052
2021-07-21  17:07:21,61,14,-0.188,0.984,-0.056
2021-07-21  17:07:25,61,14,-0.196,0.984,-0.056
2021-07-21  17:07:26,60,14,-0.196,0.988,-0.064
2021-07-21  17:07:27,60,14,-0.192,0.988,-0.068
2021-07-21  17:07:29,60,14,-0.192,0.984,-0.06
2021-07-21  17:07:30,60,14,-0.188,0.988,-0.064
2021-07-21  17:07:31,59,14,-0.188,0.98,-0.068
2021-07-21  17:07:32,61,14,-0.196,0.984,-0.064
2021-07-21  17:07:36,61,14,-0.192,0.984,-0.06
2021-07-21  17:07:37,60,14,-0.184,0.98,-0.056
2021-07-21  17:07:38,60,14,-0.192,0.988,-0.06
2021-07-21  17:07:39,59,14,-0.184,0.98,-0.056
2021-07-21  17:07:41,60,14,-0.184,0.98,-0.068
2021-07-21  17:07:42,60,14,-0.188,0.988,-0.064
2021-07-21  17:07:43,60,14,-0.188,0.984,-0.068
2021-07-21  17:07:44,60,14,-0.196,0.984,-0.06
2021-07-21  17:07:45,60,14,-0.196,0.992,-0.06
2021-07-21  17:07:49,61,14,-0.188,0.976,-0.064
2021-07-21  17:07:50,60,14,-0.204,0.984,-0.06
2021-07-21  17:07:51,59,14,-0.192,0.984,-0.056
2021-07-21  17:07:54,60,14,-0.192,0.984,-0.06
2021-07-21  17:07:55,59,14,-0.196,0.984,-0.056
2021-07-21  17:07:58,61,14,-0.196,0.988,-0.072
2021-07-21  17:07:59,60,14,-0.188,0.988,-0.056
2021-07-21  17:08:00,60,14,-0.184,0.984,-0.06
2021-07-21  17:08:02,61,14,-0.188,0.984,-0.056
2021-07-21  17:08:03,60,14,-0.192,0.992,-0.052
2021-07-21  17:08:05,60,14,-0.188,0.98,-0.06
2021-07-21  17:08:06,60,14,-0.192,0.988,-0.06
2021-07-21  17:08:07,60,14,-0.192,0.992,-0.064
2021-07-21  17:08:08,60,14,-0.196,0.996,-0.064
2021-07-21  17:08:09,60,14,-0.192,0.984,-0.068
2021-07-21  17:08:12,60,14,-0.192,0.984,-0.06
2021-07-21  17:08:13,60,14,-0.196,0.992,-0.06
2021-07-21  17:08:14,60,14,-0.18,0.984,-0.06
2021-07-21  17:08:15,60,14,-0.192,0.984,-0.064
2021-07-21  17:08:16,60,14,-0.188,0.984,-0.06
2021-07-21  17:08:18,60,14,-0.188,0.988,-0.056
2021-07-21  17:08:19,60,14,-0.2,0.984,-0.056
2021-07-21  17:08:21,61,14,-0.184,0.988,-0.056
2021-07-21  17:08:22,60,14,-0.18,0.976,-0.06
2021-07-21  17:08:24,60,14,-0.192,0.988,-0.068
2021-07-21  17:08:25,60,14,-0.192,0.98,-0.056
2021-07-21  17:08:26,59,14,-0.196,0.984,-0.06
2021-07-21  17:08:27,60,14,-0.184,0.984,-0.068
2021-07-21  17:08:30,60,14,-0.192,0.992,-0.064
2021-07-21  17:08:31,59,14,-0.188,0.984,-0.06
2021-07-21  17:08:32,59,14,-0.192,0.98,-0.06
2021-07-21  17:08:33,59,14,-0.192,0.988,-0.064
2021-07-21  17:08:34,60,14,-0.188,0.98,-0.06
2021-07-21  17:08:38,60,14,-0.192,0.988,-0.06
2021-07-21  17:08:39,60,14,-0.196,0.984,-0.056
2021-07-21  17:08:42,60,14,-0.196,0.984,-0.056
2021-07-21  17:08:43,60,14,-0.184,0.984,-0.064
2021-07-21  17:08:44,59,14,-0.188,0.984,-0.064
2021-07-21  17:08:45,60,14,-0.184,0.984,-0.06
2021-07-21  17:08:46,60,14,-0.192,0.98,-0.06
2021-07-21  17:08:48,59,14,-0.192,0.984,-0.06
2021-07-21  17:08:49,60,14,-0.188,0.988,-0.068
2021-07-21  17:08:51,60,14,-0.184,0.992,-0.056
2021-07-21  17:08:52,59,14,-0.196,0.988,-0.06
2021-07-21  17:08:54,60,14,-0.196,0.996,-0.064
2021-07-21  17:08:55,59,14,-0.192,0.988,-0.068
2021-07-21  17:08:56,59,14,-0.192,0.992,-0.068
2021-07-21  17:08:58,60,14,-0.184,0.988,-0.06
2021-07-21  17:08:59,59,14,-0.192,0.98,-0.056
2021-07-21  17:09:01,59,14,-0.188,0.992,-0.06
2021-07-21  17:09:02,59,14,-0.192,0.988,-0.052
2021-07-21  17:09:03,59,14,-0.192,0.988,-0.068
2021-07-21  17:09:04,59,14,-0.188,0.988,-0.072
2021-07-21  17:09:05,59,14,-0.196,0.988,-0.052
2021-07-21  17:09:06,59,14,-0.196,0.984,-0.072
2021-07-21  17:09:09,60,14,-0.184,0.98,-0.056
2021-07-21  17:09:10,59,14,-0.196,0.98,-0.068
2021-07-21  17:09:13,60,14,-0.188,0.984,-0.068
2021-07-21  17:09:14,60,14,-0.188,0.984,-0.064
2021-07-21  17:09:15,60,14,-0.192,0.996,-0.06
2021-07-21  17:09:19,60,14,-0.2,0.988,-0.064
2021-07-21  17:09:20,60,14,-0.192,0.98,-0.06
2021-07-21  17:09:21,59,14,-0.192,0.98,-0.052
2021-07-21  17:09:22,59,14,-0.192,0.984,-0.056
2021-07-21  17:09:23,59,14,-0.192,0.988,-0.06
2021-07-21  17:09:26,60,14,-0.2,0.992,-0.056
2021-07-21  17:09:27,59,14,-0.192,0.984,-0.064
2021-07-21  17:09:28,59,14,-0.192,0.984,-0.056
2021-07-21  17:09:29,59,14,-0.192,0.984,-0.064
2021-07-21  17:09:32,60,14,-0.192,0.984,-0.06
2021-07-21  17:09:33,60,14,-0.188,0.988,-0.06
2021-07-21  17:09:34,60,14,-0.188,0.984,-0.064
2021-07-21  17:09:35,59,14,-0.204,0.984,-0.064
2021-07-21  17:09:37,59,14,-0.192,0.992,-0.064
2021-07-21  17:09:38,59,14,-0.188,0.98,-0.06
2021-07-21  17:09:39,59,14,-0.196,0.988,-0.06
2021-07-21  17:09:41,60,14,-0.192,0.984,-0.068
2021-07-21  17:09:42,60,14,-0.188,0.976,-0.064
2021-07-21  17:09:44,60,14,-0.192,0.98,-0.064
2021-07-21  17:09:46,60,14,-0.196,0.996,-0.06
2021-07-21  17:09:47,59,14,-0.196,0.992,-0.072
2021-07-21  17:09:48,59,14,-0.192,0.988,-0.052
2021-07-21  17:09:50,59,14,-0.192,0.996,-0.06
2021-07-21  17:09:51,60,14,-0.192,0.98,-0.056
2021-07-21  17:09:55,60,14,-0.188,0.976,-0.06
2021-07-21  17:09:56,60,14,-0.192,0.992,-0.064
2021-07-21  17:09:57,60,14,-0.188,0.98,-0.064
2021-07-21  17:09:58,60,14,-0.188,0.984,-0.06
2021-07-21  17:09:59,60,14,-0.184,0.988,-0.064
2021-07-21  17:10:03,60,14,-0.184,0.984,-0.056
2021-07-21  17:10:04,59,14,-0.192,0.984,-0.06
2021-07-21  17:10:05,60,14,-0.188,0.988,-0.052
2021-07-21  17:10:08,61,14,-0.192,0.972,-0.064
2021-07-21  17:10:12,60,14,-0.196,0.984,-0.056
2021-07-21  17:10:13,60,14,-0.192,0.988,-0.048
2021-07-21  17:10:14,59,14,-0.196,0.988,-0.06
2021-07-21  17:10:16,61,14,-0.196,0.992,-0.064
2021-07-21  17:10:18,60,14,-0.2,0.984,-0.06
2021-07-21  17:10:19,60,14,-0.192,0.988,-0.056
2021-07-21  17:10:20,60,14,-0.196,0.988,-0.064
2021-07-21  17:10:21,59,14,-0.188,0.98,-0.06
2021-07-21  17:10:22,60,14,-0.196,0.984,-0.064
2021-07-21  17:10:23,60,14,-0.188,0.984,-0.064
2021-07-21  17:10:25,59,14,-0.188,0.98,-0.056
2021-07-21  17:10:27,59,14,-0.192,0.992,-0.064
2021-07-21  17:10:30,60,14,-0.192,0.984,-0.056
2021-07-21  17:10:32,60,14,-0.196,0.98,-0.08
2021-07-21  17:10:33,60,14,-0.196,0.984,-0.06
2021-07-21  17:10:34,61,14,-0.192,0.984,-0.06
2021-07-21  17:10:38,60,14,-0.192,0.98,-0.056
2021-07-21  17:10:41,61,14,-0.192,0.988,-0.068
2021-07-21  17:10:42,60,14,-0.192,0.984,-0.056
2021-07-21  17:10:46,60,14,-0.188,0.98,-0.06
2021-07-21  17:10:47,60,14,-0.192,0.988,-0.056
2021-07-21  17:10:48,60,14,-0.192,0.988,-0.052
2021-07-21  17:10:49,60,14,-0.2,0.988,-0.064
2021-07-21  17:10:50,60,14,-0.18,0.976,-0.056
2021-07-21  17:10:54,60,14,-0.196,0.984,-0.064
2021-07-21  17:10:55,60,14,-0.192,0.988,-0.068
2021-07-21  17:10:59,60,14,-0.2,0.988,-0.052
2021-07-21  17:11:00,60,14,-0.2,0.992,-0.064
2021-07-21  17:11:03,59,14,-0.196,0.984,-0.064
2021-07-21  17:11:05,60,14,-0.192,0.988,-0.064
2021-07-21  17:11:06,59,14,-0.192,0.992,-0.064
2021-07-21  17:11:08,60,14,-0.192,0.984,-0.064
2021-07-21  17:11:09,60,14,-0.188,0.98,-0.06
2021-07-21  17:11:10,60,14,-0.196,0.988,-0.064
2021-07-21  17:11:14,60,14,-0.196,0.984,-0.06
2021-07-21  17:11:15,60,14,-0.196,0.984,-0.06
2021-07-21  17:11:16,60,14,-0.192,0.988,-0.056
2021-07-21  17:11:17,60,14,-0.196,0.984,-0.06
2021-07-21  17:11:18,60,14,-0.188,0.98,-0.052
2021-07-21  17:11:20,59,14,-0.184,0.988,-0.06
2021-07-21  17:11:21,60,14,-0.192,0.984,-0.064
2021-07-21  17:11:22,59,14,-0.196,0.984,-0.056
2021-07-21  17:11:23,59,14,-0.188,0.984,-0.06
2021-07-21  17:11:24,60,14,-0.192,0.98,-0.06
2021-07-21  17:11:25,60,14,-0.184,0.984,-0.06
2021-07-21  17:11:27,60,14,-0.2,0.988,-0.052
2021-07-21  17:11:29,61,14,-0.192,0.984,-0.056
2021-07-21  17:11:30,60,14,-0.188,0.984,-0.052
2021-07-21  17:11:31,60,14,-0.192,0.984,-0.056
2021-07-21  17:11:32,59,14,-0.196,0.984,-0.064
2021-07-21  17:11:34,60,14,-0.192,0.984,-0.056
2021-07-21  17:11:35,59,14,-0.196,0.988,-0.06
2021-07-21  17:11:36,60,14,-0.196,0.984,-0.056
2021-07-21  17:11:37,60,14,-0.184,0.98,-0.06
2021-07-21  17:11:41,61,14,-0.188,0.984,-0.064
2021-07-21  17:11:42,59,14,-0.196,0.98,-0.052
2021-07-21  17:11:43,59,14,-0.192,0.988,-0.056
2021-07-21  17:11:44,60,14,-0.192,0.98,-0.068
2021-07-21  17:11:46,60,14,-0.192,0.988,-0.064
2021-07-21  17:11:47,60,14,-0.192,0.988,-0.06
2021-07-21  17:11:48,59,14,-0.184,0.98,-0.056
2021-07-21  17:11:50,60,14,-0.184,0.984,-0.064
2021-07-21  17:11:52,60,14,-0.184,0.988,-0.068
2021-07-21  17:11:53,60,14,-0.196,0.984,-0.072
2021-07-21  17:11:55,61,14,-0.192,0.984,-0.056
2021-07-21  17:11:56,59,14,-0.188,0.984,-0.064
2021-07-21  17:11:59,60,14,-0.192,0.988,-0.06
2021-07-21  17:12:00,60,14,-0.192,0.98,-0.068
2021-07-21  17:12:01,60,14,-0.188,0.98,-0.06
2021-07-21  17:12:05,60,14,-0.192,0.984,-0.064
2021-07-21  17:12:06,60,14,-0.196,0.988,-0.068
2021-07-21  17:12:09,60,14,-0.188,0.988,-0.076
2021-07-21  17:12:10,60,14,-0.192,0.984,-0.056
2021-07-21  17:12:11,60,14,-0.196,0.98,-0.06
2021-07-21  17:12:12,60,14,-0.188,0.988,-0.06
2021-07-21  17:12:13,60,14,-0.192,0.984,-0.056
2021-07-21  17:12:14,60,14,-0.192,0.984,-0.056
2021-07-21  17:12:16,60,14,-0.192,0.992,-0.056
2021-07-21  17:12:17,60,14,-0.2,0.98,-0.064
2021-07-21  17:12:18,60,14,-0.192,0.988,-0.06
2021-07-21  17:12:20,61,14,-0.188,0.984,-0.06
2021-07-21  17:12:22,60,14,-0.188,0.988,-0.068
2021-07-21  17:12:23,60,14,-0.192,0.984,-0.06
2021-07-21  17:12:25,60,14,-0.188,0.984,-0.056
2021-07-21  17:12:26,60,14,-0.192,0.988,-0.064
2021-07-21  17:12:28,60,14,-0.196,0.984,-0.068
2021-07-21  17:12:31,61,14,-0.192,0.988,-0.064
2021-07-21  17:12:33,60,14,-0.192,0.992,-0.068
2021-07-21  17:12:34,60,14,-0.188,0.988,-0.06
2021-07-21  17:12:38,60,14,-0.196,0.988,-0.06
2021-07-21  17:12:39,60,14,-0.2,0.984,-0.056
2021-07-21  17:12:40,60,14,-0.188,0.988,-0.06
2021-07-21  17:12:41,60,14,-0.196,0.992,-0.06
2021-07-21  17:12:42,60,14,-0.192,0.988,-0.06
2021-07-21  17:12:43,60,14,-0.188,0.988,-0.052
2021-07-21  17:12:45,60,14,-0.192,0.992,-0.064
2021-07-21  17:12:46,60,14,-0.192,0.992,-0.056
2021-07-21  17:12:47,60,14,-0.192,0.992,-0.048
2021-07-21  17:12:49,61,14,-0.196,0.98,-0.064
2021-07-21  17:12:50,61,14,-0.192,0.984,-0.064
2021-07-21  17:12:54,60,14,-0.192,0.98,-0.052
2021-07-21  17:12:55,60,14,-0.192,0.992,-0.056
2021-07-21  17:12:58,61,14,-0.192,0.98,-0.056
2021-07-21  17:12:59,60,14,-0.2,0.988,-0.048
2021-07-21  17:13:00,60,14,-0.196,0.984,-0.056
2021-07-21  17:13:01,59,14,-0.188,0.984,-0.052
2021-07-21  17:13:03,60,14,-0.188,0.984,-0.064
2021-07-21  17:13:04,59,14,-0.192,0.984,-0.064
2021-07-21  17:13:05,60,14,-0.188,0.988,-0.056
2021-07-21  17:13:06,60,14,-0.188,0.98,-0.068
2021-07-21  17:13:07,59,14,-0.192,0.988,-0.06
2021-07-21  17:13:08,59,14,-0.196,0.992,-0.056
2021-07-21  17:13:10,60,14,-0.196,0.988,-0.06
2021-07-21  17:13:11,60,14,-0.188,0.988,-0.056
2021-07-21  17:13:12,59,14,-0.184,0.988,-0.068
2021-07-21  17:13:13,60,14,-0.196,0.988,-0.056
2021-07-21  17:13:14,59,14,-0.188,0.984,-0.056
2021-07-21  17:13:15,59,14,-0.192,0.988,-0.06
2021-07-21  17:13:19,61,14,-0.192,0.992,-0.056
2021-07-21  17:13:20,59,14,-0.196,0.988,-0.06
2021-07-21  17:13:22,59,14,-0.192,0.984,-0.06
2021-07-21  17:13:23,60,14,-0.188,0.984,-0.052
2021-07-21  17:13:24,60,14,-0.192,0.992,-0.06
2021-07-21  17:13:26,61,14,-0.192,0.98,-0.06
2021-07-21  17:13:28,60,14,-0.192,0.992,-0.056
2021-07-21  17:13:29,59,14,-0.196,0.984,-0.068
2021-07-21  17:13:31,60,14,-0.188,0.988,-0.064
2021-07-21  17:13:32,60,14,-0.188,0.984,-0.052
2021-07-21  17:13:36,61,14,-0.188,0.988,-0.064
2021-07-21  17:13:37,59,14,-0.196,0.98,-0.06
2021-07-21  17:13:38,60,14,-0.192,0.988,-0.06
2021-07-21  17:13:40,60,14,-0.196,0.992,-0.06
2021-07-21  17:13:41,60,14,-0.192,0.988,-0.056
2021-07-21  17:13:42,60,14,-0.192,0.984,-0.064
2021-07-21  17:13:44,60,14,-0.192,0.984,-0.06
2021-07-21  17:13:46,59,14,-0.192,0.988,-0.06
2021-07-21  17:13:47,60,14,-0.192,0.984,-0.056
2021-07-21  17:13:48,60,14,-0.2,0.988,-0.068
2021-07-21  17:13:49,60,14,-0.196,0.992,-0.064
2021-07-21  17:13:50,60,14,-0.196,0.988,-0.064
2021-07-21  17:13:51,60,14,-0.196,0.988,-0.068
2021-07-21  17:13:53,60,14,-0.188,0.988,-0.064
2021-07-21  17:13:54,59,14,-0.188,0.988,-0.06
2021-07-21  17:13:55,59,14,-0.196,0.98,-0.064
2021-07-21  17:13:59,61,14,-0.196,0.984,-0.056
2021-07-21  17:14:00,60,14,-0.192,0.996,-0.064
2021-07-21  17:14:01,60,14,-0.188,0.984,-0.06
2021-07-21  17:14:02,60,14,-0.192,0.984,-0.06
2021-07-21  17:14:03,60,14,-0.192,0.984,-0.068
2021-07-21  17:14:05,60,14,-0.184,0.984,-0.056
2021-07-21  17:14:06,59,14,-0.192,0.988,-0.068
2021-07-21  17:14:07,59,14,-0.188,0.976,-0.06
2021-07-21  17:14:08,59,14,-0.192,0.984,-0.064
2021-07-21  17:14:09,60,14,-0.188,0.996,-0.064
2021-07-21  17:14:10,59,14,-0.196,0.984,-0.06
2021-07-21  17:14:12,60,14,-0.192,0.984,-0.056
2021-07-21  17:14:13,60,14,-0.188,0.98,-0.064
2021-07-21  17:14:14,60,14,-0.192,0.992,-0.064
2021-07-21  17:14:15,60,14,-0.192,0.988,-0.064
2021-07-21  17:14:16,59,14,-0.196,0.988,-0.068
2021-07-21  17:14:17,59,14,-0.188,0.984,-0.064
2021-07-21  17:14:18,59,14,-0.188,0.988,-0.06
2021-07-21  17:14:20,60,14,-0.196,0.984,-0.056
2021-07-21  17:14:21,60,14,-0.192,0.984,-0.06
2021-07-21  17:14:22,60,14,-0.184,0.988,-0.056
2021-07-21  17:14:23,60,14,-0.2,0.98,-0.06
2021-07-21  17:14:24,60,14,-0.2,0.988,-0.052
2021-07-21  17:14:25,60,14,-0.192,0.992,-0.068
2021-07-21  17:14:28,60,14,-0.192,0.992,-0.06
2021-07-21  17:14:29,60,14,-0.192,0.984,-0.056
2021-07-21  17:14:30,60,14,-0.196,0.98,-0.06
2021-07-21  17:14:33,60,14,-0.192,0.98,-0.056
2021-07-21  17:14:34,60,14,-0.188,0.972,-0.06
2021-07-21  17:14:35,60,14,-0.2,0.988,-0.06
2021-07-21  17:14:36,59,14,-0.192,0.988,-0.076
2021-07-21  17:14:37,60,14,-0.188,0.98,-0.06
2021-07-21  17:14:39,60,14,-0.188,0.988,-0.056
2021-07-21  17:14:41,60,14,-0.192,0.984,-0.068
2021-07-21  17:14:44,61,14,-0.192,0.984,-0.06
2021-07-21  17:14:45,60,14,-0.188,0.984,-0.068
2021-07-21  17:14:46,60,14,-0.2,0.992,-0.068
2021-07-21  17:14:47,60,14,-0.188,0.984,-0.064
2021-07-21  17:14:48,60,14,-0.192,0.984,-0.052
2021-07-21  17:14:49,60,14,-0.196,0.988,-0.064
2021-07-21  17:14:51,60,14,-0.196,0.988,-0.064
2021-07-21  17:14:52,60,14,-0.184,0.98,-0.064
2021-07-21  17:14:53,60,14,-0.192,0.984,-0.06
2021-07-21  17:14:54,60,14,-0.192,0.98,-0.064
2021-07-21  17:14:55,60,14,-0.192,0.996,-0.068
2021-07-21  17:14:58,60,14,-0.188,0.984,-0.06
2021-07-21  17:14:59,60,14,-0.192,0.984,-0.056
2021-07-21  17:15:00,60,14,-0.192,0.984,-0.06
2021-07-21  17:15:02,61,14,-0.192,0.984,-0.064
2021-07-21  17:15:04,60,14,-0.192,0.988,-0.064
2021-07-21  17:15:05,60,14,-0.188,0.992,-0.056
2021-07-21  17:15:07,61,14,-0.188,0.984,-0.064
2021-07-21  17:15:08,60,14,-0.184,0.988,-0.06
2021-07-21  17:15:11,61,14,-0.188,0.98,-0.064
2021-07-21  17:15:12,61,14,-0.192,0.984,-0.056
2021-07-21  17:15:16,61,14,-0.188,0.984,-0.064
2021-07-21  17:15:17,60,14,-0.184,0.984,-0.06
2021-07-21  17:15:18,60,14,-0.192,0.984,-0.06
2021-07-21  17:15:21,61,14,-0.192,0.984,-0.064
2021-07-21  17:15:22,60,14,-0.192,0.976,-0.06
2021-07-21  17:15:24,61,14,-0.188,0.984,-0.06
2021-07-21  17:15:26,60,14,-0.196,0.98,-0.064
2021-07-21  17:15:27,60,14,-0.192,0.988,-0.064
2021-07-21  17:15:28,60,14,-0.188,0.98,-0.056
2021-07-21  17:15:29,60,14,-0.192,0.984,-0.056
2021-07-21  17:15:30,60,14,-0.188,0.976,-0.056
2021-07-21  17:15:31,60,14,-0.188,0.988,-0.064
2021-07-21  17:15:33,60,14,-0.188,0.984,-0.06
2021-07-21  17:15:34,60,14,-0.188,0.988,-0.06
2021-07-21  17:15:35,60,14,-0.196,0.984,-0.068
2021-07-21  17:15:36,60,14,-0.188,0.984,-0.052
2021-07-21  17:15:37,60,14,-0.196,0.984,-0.068
2021-07-21  17:15:38,60,14,-0.192,0.98,-0.056
2021-07-21  17:15:40,60,14,-0.196,0.984,-0.056
2021-07-21  17:15:41,61,14,-0.196,0.988,-0.06
2021-07-21  17:15:44,61,14,-0.192,0.98,-0.072
2021-07-21  17:15:46,60,14,-0.196,0.992,-0.068
2021-07-21  17:15:47,60,14,-0.192,0.988,-0.064
2021-07-21  17:15:48,60,14,-0.192,0.988,-0.052
2021-07-21  17:15:49,60,14,-0.196,0.984,-0.056
2021-07-21  17:15:50,60,14,-0.188,0.988,-0.068
2021-07-21  17:15:51,60,14,-0.184,0.984,-0.056
2021-07-21  17:15:53,60,14,-0.204,0.984,-0.06
2021-07-21  17:15:54,60,14,-0.196,0.988,-0.06
2021-07-21  17:15:55,60,14,-0.184,0.976,-0.068
2021-07-21  17:15:56,60,14,-0.192,0.988,-0.052
2021-07-21  17:15:57,60,14,-0.188,0.98,-0.064
2021-07-21  17:15:58,60,14,-0.192,0.98,-0.068
2021-07-21  17:16:00,60,14,-0.196,0.98,-0.072
2021-07-21  17:16:01,60,14,-0.192,0.98,-0.056
2021-07-21  17:16:02,60,14,-0.184,0.976,-0.064
2021-07-21  17:16:04,61,14,-0.192,0.98,-0.064
2021-07-21  17:16:06,60,14,-0.192,0.988,-0.068
2021-07-21  17:16:08,61,14,-0.192,0.98,-0.064
2021-07-21  17:16:09,60,14,-0.192,0.98,-0.06
2021-07-21  17:16:10,60,14,-0.196,0.988,-0.064
2021-07-21  17:16:13,61,14,-0.196,0.988,-0.06
2021-07-21  17:16:14,61,14,-0.192,0.98,-0.052
2021-07-21  17:16:18,61,14,-0.192,0.98,-0.064
2021-07-21  17:16:19,60,14,-0.188,0.984,-0.056
2021-07-21  17:16:20,60,14,-0.2,0.988,-0.06
2021-07-21  17:16:21,60,14,-0.192,0.98,-0.064
2021-07-21  17:16:22,60,14,-0.188,0.984,-0.076
2021-07-21  17:16:24,61,14,-0.192,0.988,-0.06
2021-07-21  17:16:27,60,14,-0.188,0.984,-0.06
2021-07-21  17:16:30,61,14,-0.196,0.984,-0.064
2021-07-21  17:16:31,60,14,-0.196,0.992,-0.06
2021-07-21  17:16:32,60,14,-0.192,0.984,-0.056
2021-07-21  17:16:33,60,14,-0.196,0.988,-0.06
2021-07-21  17:16:35,60,14,-0.192,0.988,-0.056
2021-07-21  17:16:36,60,14,-0.196,0.984,-0.068
2021-07-21  17:16:37,60,14,-0.188,0.98,-0.06
2021-07-21  17:16:38,60,14,-0.188,0.984,-0.052
2021-07-21  17:16:41,61,14,-0.192,0.988,-0.064
2021-07-21  17:16:42,60,14,-0.196,0.98,-0.064
2021-07-21  17:16:43,60,14,-0.196,0.988,-0.064
2021-07-21  17:16:44,60,14,-0.188,0.988,-0.064
2021-07-21  17:16:47,61,14,-0.192,0.98,-0.06
2021-07-21  17:16:48,60,14,-0.192,0.976,-0.072
2021-07-21  17:16:49,60,14,-0.188,0.984,-0.06
2021-07-21  17:16:50,60,14,-0.192,0.984,-0.064
2021-07-21  17:16:51,60,14,-0.184,0.98,-0.064
2021-07-21  17:16:52,60,14,-0.192,0.984,-0.06
2021-07-21  17:16:54,60,14,-0.192,0.988,-0.044
2021-07-21  17:16:55,60,14,-0.184,0.98,-0.06
2021-07-21  17:16:57,60,14,-0.188,0.984,-0.06
2021-07-21  17:17:00,61,14,-0.184,0.984,-0.052
2021-07-21  17:17:01,60,14,-0.192,0.988,-0.056
2021-07-21  17:17:03,61,14,-0.192,0.988,-0.068
2021-07-21  17:17:04,60,14,-0.196,0.98,-0.064
2021-07-21  17:17:07,61,14,-0.188,0.984,-0.064
2021-07-21  17:17:08,60,14,-0.188,0.984,-0.06
2021-07-21  17:17:09,60,14,-0.188,0.984,-0.064
2021-07-21  17:17:10,60,14,-0.192,0.98,-0.06
2021-07-21  17:17:12,60,14,-0.184,0.984,-0.052
2021-07-21  17:17:13,60,14,-0.188,0.988,-0.06
2021-07-21  17:17:14,60,14,-0.192,0.976,-0.056
2021-07-21  17:17:15,60,14,-0.196,0.98,-0.056
2021-07-21  17:17:16,60,14,-0.192,0.984,-0.068
2021-07-21  17:17:19,61,14,-0.184,0.984,-0.064
2021-07-21  17:17:20,60,14,-0.188,0.984,-0.056
2021-07-21  17:17:22,61,14,-0.196,0.984,-0.064
2021-07-21  17:17:24,60,14,-0.196,0.988,-0.064
2021-07-21  17:17:26,61,14,-0.192,0.992,-0.056
2021-07-21  17:17:27,60,14,-0.196,0.988,-0.068
2021-07-21  17:17:28,60,14,-0.196,0.984,-0.064
2021-07-21  17:17:30,60,14,-0.196,0.992,-0.06
2021-07-21  17:17:33,61,14,-0.192,0.984,-0.056
2021-07-21  17:17:35,60,14,-0.196,0.988,-0.048
2021-07-21  17:17:36,60,14,-0.192,0.984,-0.064
2021-07-21  17:17:38,61,14,-0.196,0.984,-0.064
2021-07-21  17:17:39,60,14,-0.196,0.98,-0.056
2021-07-21  17:17:41,60,14,-0.188,0.988,-0.06
2021-07-21  17:17:42,60,14,-0.192,0.984,-0.052
2021-07-21  17:17:43,61,14,-0.196,0.992,-0.056
2021-07-21  17:17:47,61,14,-0.196,0.988,-0.056
2021-07-21  17:17:48,60,14,-0.188,0.976,-0.056
2021-07-21  17:17:49,60,14,-0.188,0.988,-0.064
2021-07-21  17:17:50,60,14,-0.196,0.992,-0.06
2021-07-21  17:17:51,60,14,-0.196,0.984,-0.056
2021-07-21  17:17:52,60,14,-0.196,0.988,-0.06
2021-07-21  17:17:54,60,14,-0.188,0.976,-0.056
2021-07-21  17:17:55,60,14,-0.192,0.988,-0.06
2021-07-21  17:17:56,60,14,-0.196,0.98,-0.056
2021-07-21  17:17:57,60,14,-0.184,0.98,-0.06
2021-07-21  17:17:58,60,14,-0.184,0.988,-0.06
2021-07-21  17:17:59,60,14,-0.192,0.996,-0.056
2021-07-21  17:18:01,60,14,-0.192,0.98,-0.064
2021-07-21  17:18:02,60,14,-0.188,0.984,-0.064
2021-07-21  17:18:03,60,14,-0.192,0.984,-0.052
2021-07-21  17:18:04,60,14,-0.188,0.992,-0.056
2021-07-21  17:18:05,60,14,-0.188,0.988,-0.06
2021-07-21  17:18:06,60,14,-0.192,0.988,-0.056
2021-07-21  17:18:08,60,14,-0.188,0.976,-0.064
2021-07-21  17:18:09,60,14,-0.192,0.984,-0.064
2021-07-21  17:18:10,60,14,-0.196,0.984,-0.068
2021-07-21  17:18:11,60,14,-0.18,0.98,-0.06
